variable,peak_index,time_s,time_us,value
uC1,79,2.528e-07,0.25279999999999997,0.10512716221909722
uC1,189,6.048e-07,0.6048,0.35661945933829553
uC1,300,9.600000000000001e-07,0.9600000000000001,0.4698814984591663
uC1,409,1.3088e-06,1.3088,0.5220853698214618
uC1,526,1.6832e-06,1.6832,0.24912793951322337
uC1,636,2.0352e-06,2.0352,0.41974966648304296
uC1,748,2.3936000000000003e-06,2.3936,0.07455501183776563
uC1,858,2.7456e-06,2.7456,0.3426881979256937
uC1,968,3.0976e-06,3.0976000000000004,0.46354249411426224
uC1,1077,3.4464e-06,3.4464,0.5207525373252013
uC1,1171,3.7472000000000003e-06,3.7472000000000003,-0.05911191563582507
uC1,1281,4.0992000000000005e-06,4.099200000000001,0.282795675900169
uC1,1391,4.4512e-06,4.4512,0.43657545218226257
uC1,1501,4.8032e-06,4.8032,0.5062239743291321
uC1,1700,5.4400000000000004e-06,5.44,0.029600349978901177
uC1,1810,5.792000000000001e-06,5.792000000000001,0.3225774105949345
uC1,1920,6.144e-06,6.144,0.4544982698253955
uC1,2030,6.496e-06,6.496,0.5151868858694055
uC1,2137,6.8384000000000005e-06,6.8384,0.05674281778640133
uC1,2247,7.190400000000001e-06,7.1904,0.3347308077954633
uC1,2357,7.5424e-06,7.5424,0.4599699002730242
uC1,2467,7.8944e-06,7.8944,0.5183801214256052
uC1,2566,8.2112e-06,8.2112,-0.030069008316991594
uC1,2676,8.5632e-06,8.5632,0.29581651543735354
uC1,2786,8.9152e-06,8.9152,0.4424375811967571
uC1,2896,9.2672e-06,9.2672,0.509046411257444
uC1,3087,9.8784e-06,9.878400000000001,0.04921136637750242
uC1,3197,1.0230400000000001e-05,10.230400000000001,0.33135584879870306
uC1,3307,1.05824e-05,10.5824,0.4584494527492841
uC1,3417,1.09344e-05,10.9344,0.5174576874143761
uC1,3518,1.12576e-05,11.2576,-0.01054737299529728
uC1,3628,1.16096e-05,11.6096,0.30457127262622413
uC1,3738,1.19616e-05,11.9616,0.4463818343344961
uC1,3848,1.23136e-05,12.313600000000001,0.5109915010563305
uC1,3954,1.26528e-05,12.652800000000001,0.5449806011078085
uC1,4043,1.2937600000000001e-05,12.937600000000002,-0.0036092756826864884
uC1,4153,1.32896e-05,13.2896,0.307691977833539
uC1,4263,1.36416e-05,13.6416,0.4477915814701244
uC1,4373,1.3993600000000001e-05,13.9936,0.5116816763441677
uC1,4484,1.43488e-05,14.3488,0.5258204053049969
uC1,4574,1.46368e-05,14.636800000000001,-0.07812543549221777
uC1,4684,1.4988800000000001e-05,14.988800000000001,0.2742646195253504
uC1,4794,1.53408e-05,15.3408,0.43273304685641883
uC1,4904,1.56928e-05,15.6928,0.5044046831589554
uC1,5110,1.6352000000000002e-05,16.352,0.045861772259561326
uC1,5220,1.6704e-05,16.704,0.3298608907190891
uC1,5330,1.7056e-05,17.056,0.4577784161765865
uC1,5440,1.7408e-05,17.408,0.5170429515458043
uC1,5542,1.77344e-05,17.7344,-0.0027414870477201992
uC1,5652,1.80864e-05,18.0864,0.3080754231641266
uC1,5762,1.84384e-05,18.438399999999998,0.44796242315973694
uC1,5872,1.8790400000000002e-05,18.7904,0.5117823266052817
uC1,5985,1.9152000000000002e-05,19.152,0.5110090989673051
uC1,6076,1.94432e-05,19.4432,-0.12184977526226694
uC1,6186,1.97952e-05,19.7952,0.25464883167031593
uC1,6296,2.01472e-05,20.147199999999998,0.4239040085896674
uC1,6406,2.0499200000000002e-05,20.499200000000002,0.500286644582793
uC1,6516,2.08512e-05,20.851200000000002,0.5364411809271536
uC1,6632,2.1222400000000002e-05,21.2224,0.23668471899007476
uC1,6742,2.15744e-05,21.5744,0.4144869629432459
uC1,6856,2.19392e-05,21.939200000000003,0.22513483998806275
uC1,6967,2.22944e-05,22.2944,0.4094625549714424
uC1,7077,2.26464e-05,22.6464,0.4759273403631614
uC1,7174,2.29568e-05,22.9568,-0.17833175603545703
uC1,7284,2.33088e-05,23.308799999999998,0.229289841657228
uC1,7394,2.3660800000000002e-05,23.660800000000002,0.41248866957887625
uC1,7504,2.40128e-05,24.012800000000002,0.4950333886533467
uC1,7614,2.43648e-05,24.364800000000002,0.5330268018749468
uC1,7800,2.496e-05,24.96,0.1667694334418639
uC1,7910,2.5312e-05,25.312,0.38383092812676123
uC1,8020,2.5664e-05,25.664,0.48168223456975245
uC1,8125,2.6000000000000002e-05,26.000000000000004,-0.04921924614127667
uC1,8235,2.6352e-05,26.352,0.2872263558642521
uC1,8345,2.6704e-05,26.704,0.4385684671398449
uC1,8455,2.7056e-05,27.056,0.507182975977674
uC1,8650,2.7680000000000003e-05,27.680000000000003,0.03179690361704803
uC1,8760,2.8032000000000002e-05,28.032000000000004,0.3235618182240558
uC1,8870,2.8384e-05,28.384,0.4549417997487224
uC1,8980,2.8736e-05,28.736,0.5154282740949666
uC1,9087,2.9078400000000003e-05,29.078400000000002,0.04758557811368386
uC1,9197,2.9430400000000002e-05,29.430400000000002,0.33061949975767585
uC1,9307,2.97824e-05,29.782400000000003,0.45811436681549056
uC1,9416,3.01312e-05,30.1312,0.5172746934225886
uC1,9518,3.04576e-05,30.457600000000003,-0.009113860236621633
uC1,9628,3.0809600000000004e-05,30.809600000000003,0.30521180282975635
uC1,9738,3.11616e-05,31.161600000000004,0.44666942192884596
uC1,9848,3.15136e-05,31.513600000000004,0.5111367313699291
uC1,9955,3.1856e-05,31.856,0.5416790270902228
uC1,10044,3.21408e-05,32.140800000000006,-0.018388966795068
uC1,10154,3.24928e-05,32.4928,0.3010632376738371
uC1,10264,3.28448e-05,32.8448,0.4448044509535677
uC1,10374,3.31968e-05,33.1968,0.5101953254041214
uC1,10566,3.38112e-05,33.8112,0.04822037531022469
uC1,10676,3.41632e-05,34.163199999999996,0.3309066336333379
uC1,10786,3.4515200000000005e-05,34.51520000000001,0.4582448956268766
uC1,10895,3.4864000000000004e-05,34.864000000000004,0.5173223348623047
uC1,10997,3.51904e-05,35.190400000000004,-0.007412352610178962
uC1,11107,3.55424e-05,35.5424,0.3059763615759883
uC1,11217,3.58944e-05,35.8944,0.44701461147440885
uC1,11327,3.62464e-05,36.2464,0.5113088738550656
uC1,11435,3.6592e-05,36.592,0.5362338819016645
uC1,11525,3.688e-05,36.88,-0.040341646830033384
uC1,11635,3.7232e-05,37.232,0.29121182457511613
uC1,11745,3.7584000000000005e-05,37.584,0.44036409238163454
uC1,11855,3.7936000000000004e-05,37.93600000000001,0.5080348212293475
uC1,12048,3.85536e-05,38.5536,0.03772478300786694
uC1,12158,3.89056e-05,38.9056,0.32621833830136965
uC1,12269,3.92608e-05,39.2608,0.45613391501013933
uC1,12378,3.96096e-05,39.6096,0.516091158501005
uC1,12483,3.99456e-05,39.9456,0.0246770316350919
uC1,12593,4.02976e-05,40.297599999999996,0.3203595701168463
uC1,12703,4.0649600000000005e-05,40.64960000000001,0.4534943332524659
uC1,12813,4.1001600000000004e-05,41.0016,0.5146746557990298
uC1,12921,4.13472e-05,41.3472,0.0762312707553768
uC1,13031,4.16992e-05,41.699200000000005,0.34344907298506067
uC1,13141,4.20512e-05,42.0512,0.4638902171948158
uC1,13250,4.24e-05,42.4,0.5209369347774618
uC1,13344,4.27008e-05,42.7008,-0.05856788396204962
uC1,13454,4.30528e-05,43.052800000000005,0.2830439580411899
uC1,13564,4.34048e-05,43.4048,0.43668905107416844
uC1,13674,4.37568e-05,43.7568,0.5062764643334899
uC1,13874,4.43968e-05,44.3968,0.029554914350713755
uC1,13984,4.47488e-05,44.7488,0.3225432293191278
uC1,14094,4.51008e-05,45.1008,0.45447698439420076
uC1,14203,4.54496e-05,45.4496,0.5151881286479489
uC1,14311,4.5795200000000005e-05,45.79520000000001,0.057066540771418
uC1,14421,4.6147200000000004e-05,46.147200000000005,0.334862391923724
uC1,14531,4.6499200000000004e-05,46.4992,0.460023566744225
uC1,14640,4.6848e-05,46.848000000000006,0.5184091976094225
uC1,14739,4.71648e-05,47.1648,-0.030563353969172473
uC1,14849,4.75168e-05,47.516799999999996,0.2955958190382307
uC1,14959,4.7868800000000005e-05,47.86880000000001,0.4423386139280289
uC1,15069,4.8220800000000004e-05,48.220800000000004,0.5089978365972555
uC1,15260,4.8832e-05,48.832,0.04877958229598806
uC1,15370,4.9184e-05,49.184000000000005,0.3311644947189543
uC1,15480,4.9536e-05,49.536,0.45836413092484585
uC1,15590,4.9888e-05,49.888,0.5173978680548778
uC1,15691,5.0211200000000005e-05,50.211200000000005,-0.009419284253136559
uC1,15801,5.0563200000000004e-05,50.5632,0.30508112355975786
uC1,15911,5.0915200000000003e-05,50.915200000000006,0.4466132886824279
uC1,16021,5.12672e-05,51.2672,0.511104161220946
uC1,16128,5.16096e-05,51.6096,0.5422296831774608
uC1,16217,5.18944e-05,51.894400000000005,-0.015644764788723668
uC1,16327,5.22464e-05,52.2464,0.302297493760426
uC1,16437,5.25984e-05,52.5984,0.44536204028552445
uC1,16547,5.29504e-05,52.9504,0.5104674598596833
uC1,16740,5.3568e-05,53.568,0.04060409312305979
uC1,16850,5.392e-05,53.92,0.32749447431352563
uC1,16960,5.4272000000000005e-05,54.272000000000006,0.45670775898530036
uC1,17069,5.4620800000000004e-05,54.6208,0.516424425946219
uC1,17173,5.49536e-05,54.9536,0.015411141505068357
uC1,17283,5.53056e-05,55.3056,0.3162111122119221
uC1,17393,5.56576e-05,55.6576,0.45162715950165194
uC1,17503,5.60096e-05,56.0096,0.5136719281244876
uC1,17615,5.6368e-05,56.368,0.13610366895776352
uC1,17725,5.672e-05,56.72,0.37018611798030293
uC1,17835,5.7072000000000005e-05,57.072,0.4758228640323034
uC1,17947,5.7430400000000005e-05,57.430400000000006,0.11483911949057575
uC1,18057,5.7782400000000004e-05,57.7824,0.3607036446377794
uC1,18167,5.8134400000000004e-05,58.13440000000001,0.47161968216855293
uC1,18277,5.84864e-05,58.4864,0.5103540203640935
uC1,18369,5.8780800000000005e-05,58.780800000000006,-0.1213059199170624
uC1,18479,5.9132800000000004e-05,59.1328,0.2548775693135797
uC1,18589,5.9484800000000003e-05,59.48480000000001,0.42400025299143945
uC1,18699,5.98368e-05,59.836800000000004,0.500331207641417
uC1,18808,6.01856e-05,60.1856,0.5364849329380016
uC1,18924,6.05568e-05,60.5568,0.22891551043398528
uC1,19034,6.09088e-05,60.9088,0.41113408583895306
uC1,19146,6.126720000000001e-05,61.26720000000001,0.4641442606791935
uC1,19244,6.15808e-05,61.5808,-0.18700528687989987
uC1,19354,6.19328e-05,61.93280000000001,0.2253961728680643
uC1,19464,6.22848e-05,62.284800000000004,0.41073682776880505
uC1,19574,6.26368e-05,62.6368,0.49423195378225493
uC1,19684,6.29888e-05,62.988800000000005,0.5325772476119606
uC1,19873,6.35936e-05,63.5936,0.13725258296966414
uC1,19983,6.39456e-05,63.9456,0.3707056370947714
uC1,20093,6.42976e-05,64.2976,0.4760597557460236
uC1,20205,6.4656e-05,64.656,0.1113395791840703
uC1,20315,6.5008e-05,65.008,0.35914139893485253
uC1,20425,6.536e-05,65.36,0.47092304337569435
uC1,20534,6.57088e-05,65.7088,0.5164968448391932
uC1,20625,6.6e-05,66.0,-0.10321725978113412
uC1,20735,6.6352e-05,66.352,0.26300394279872774
uC1,20845,6.6704e-05,66.70400000000001,0.42766237267321694
uC1,20955,6.7056e-05,67.056,0.5020326062537057
uC1,21064,6.740480000000001e-05,67.40480000000001,0.537990127587455
uC1,21171,6.77472e-05,67.7472,0.1107224385115753
uC1,21281,6.80992e-05,68.0992,0.3588727061141463
uC1,21391,6.84512e-05,68.4512,0.4708086570975864
uC1,21500,6.88e-05,68.80000000000001,0.5183870392466641
uC1,21591,6.909120000000001e-05,69.0912,-0.09698802922776305
uC1,21701,6.94432e-05,69.4432,0.26579411878312426
uC1,21811,6.97952e-05,69.79520000000001,0.4289162470683558
uC1,21921,7.01472e-05,70.1472,0.5026172425948686
uC1,22030,7.0496e-05,70.496,0.5385814117703419
uC1,22134,7.082880000000001e-05,70.82880000000002,0.08874739194455951
uC1,22244,7.118080000000001e-05,71.1808,0.34905327402474157
uC1,22354,7.153280000000001e-05,71.53280000000001,0.46641080565595
uC1,22463,7.18816e-05,71.8816,0.5224882243319122
uC1,22555,7.217600000000001e-05,72.176,-0.06828677153333129
uC1,22665,7.252800000000001e-05,72.528,0.2786769066212537
uC1,22775,7.288000000000001e-05,72.88000000000001,0.4347193183438638
uC1,22885,7.3232e-05,73.232,0.5053435485097044
uC1,23088,7.388160000000001e-05,73.8816,0.033968605119439145
uC1,23198,7.423360000000001e-05,74.23360000000001,0.3245203121299398
uC1,23308,7.45856e-05,74.5856,0.4553674556560805
uC1,23417,7.49344e-05,74.9344,0.5156790660494068
uC1,23523,7.52736e-05,75.2736,0.0374685528304252
uC1,23633,7.56256e-05,75.62559999999999,0.32609297697215256
uC1,23743,7.597760000000001e-05,75.97760000000001,0.4560779450211569
uC1,23853,7.632960000000001e-05,76.32960000000001,0.5160994665908698
uC1,23957,7.66624e-05,76.6624,0.021168458082941374
uC1,24067,7.70144e-05,77.01440000000001,0.3187909679741355
uC1,24177,7.73664e-05,77.3664,0.4527892575717973
uC1,24287,7.77184e-05,77.7184,0.5142886852899159
uC1,24397,7.80704e-05,78.0704,0.09602567706462367
uC1,24507,7.84224e-05,78.42240000000001,0.3522932031195606
uC1,24617,7.87744e-05,78.7744,0.4678581040951905
uC1,24724,7.911680000000001e-05,79.11680000000001,0.5229337635126113
uC1,24816,7.94112e-05,79.41120000000001,-0.07376517758298796
uC1,24926,7.97632e-05,79.7632,0.27621868111503284
uC1,25036,8.01152e-05,80.1152,0.4336121338214871
uC1,25146,8.04672e-05,80.4672,0.5048202654760175
uC1,25351,8.11232e-05,81.1232,0.039459599282874507
uC1,25461,8.14752e-05,81.4752,0.32698003612058424
uC1,25571,8.18272e-05,81.8272,0.45647535479206286
uC1,25680,8.217600000000001e-05,82.176,0.5163020294717314
uC1,25784,8.25088e-05,82.50880000000001,0.017151143524319443
uC1,25894,8.28608e-05,82.8608,0.3169935694703382
uC1,26004,8.32128e-05,83.2128,0.45198078197577274
uC1,26114,8.35648e-05,83.5648,0.513853767045766
uC1,26225,8.392000000000001e-05,83.92000000000002,0.1231677468990358
uC1,26335,8.427200000000001e-05,84.272,0.3644266991607889
uC1,26445,8.462400000000001e-05,84.62400000000001,0.4732808678147626
uC1,26561,8.499520000000001e-05,84.99520000000001,0.38930398692524665
uC1,26669,8.534080000000001e-05,85.3408,-0.09570869308396182
uC1,26779,8.569280000000001e-05,85.6928,0.2663751949706939
uC1,26889,8.60448e-05,86.04480000000001,0.42918296922058236
uC1,26999,8.63968e-05,86.3968,0.5027556158029791
uC1,27108,8.67456e-05,86.7456,0.5390167054942597
uC1,27211,8.70752e-05,87.07520000000001,0.0701986918813206
uC1,27321,8.74272e-05,87.4272,0.34074269361825166
uC1,27431,8.77792e-05,87.7792,0.4626706743867278
uC1,27540,8.812800000000001e-05,88.12800000000001,0.5201097819028935
uC1,27635,8.843200000000001e-05,88.43200000000002,-0.050880871181921965
uC1,27745,8.878400000000001e-05,88.784,0.2864932941463836
uC1,27856,8.91392e-05,89.1392,0.4382398909549586
uC1,27965,8.948800000000001e-05,89.48800000000001,0.5070172537079514
uC1,28162,9.011840000000001e-05,90.11840000000001,0.030446314896825692
uC1,28272,9.047040000000001e-05,90.47040000000001,0.32295020519028306
uC1,28382,9.08224e-05,90.8224,0.45466355854053453
uC1,28492,9.11744e-05,91.1744,0.515292573496841
uC1,28599,9.15168e-05,91.5168,0.05259739098270016
uC1,28709,9.18688e-05,91.8688,0.33286371158511757
uC1,28819,9.222080000000001e-05,92.22080000000001,0.4591247767740051
uC1,28928,9.25696e-05,92.56960000000001,0.5178762721444818
uC1,29028,9.28896e-05,92.8896,-0.021320329692514205
uC1,29138,9.32416e-05,93.2416,0.2997472157025895
uC1,29248,9.35936e-05,93.5936,0.4442114359752745
uC1,29358,9.39456e-05,93.9456,0.5099111032739521
uC1,29549,9.455680000000001e-05,94.55680000000001,0.050475836682833064
uC1,29659,9.490880000000001e-05,94.90880000000001,0.3319283250935384
uC1,29769,9.526080000000001e-05,95.2608,0.458709857702656
uC1,29879,9.561280000000001e-05,95.61280000000001,0.5175841659627676
uC1,29980,9.5936e-05,95.93599999999999,-0.013253734154043429
uC1,30090,9.6288e-05,96.288,0.3033586327623366
uC1,30200,9.664000000000001e-05,96.64000000000001,0.4458358970503363
uC1,30310,9.699200000000001e-05,96.992,0.5107187049099644
uC1,30414,9.732480000000001e-05,97.32480000000001,0.5498778646039676
uC1,30504,9.76128e-05,97.61280000000001,0.019389609158698435
uC1,30614,9.79648e-05,97.9648,0.3179912236330477
uC1,30724,9.83168e-05,98.3168,0.4524275030992993
uC1,30834,9.86688e-05,98.6688,0.514088286033171
uC1,30944,9.90208e-05,99.0208,0.11663275284122591
uC1,31055,9.9376e-05,99.376,0.3614984611344586
uC1,31165,9.9728e-05,99.72800000000001,0.4719732483468818
uC1,31275,0.00010008,100.08,0.5074383807214647
uC1,31367,0.0001003744,100.3744,-0.1291199895526136
uC1,31477,0.0001007264,100.7264,0.25137011228886197
uC1,31587,0.0001010784,101.0784,0.4224212591220644
uC1,31697,0.0001014304,101.43039999999999,0.4996004206082737
uC1,31806,0.0001017792,101.7792,0.5359284728464871
uC1,31926,0.0001021632,102.1632,0.38834934349919026
uC1,32035,0.000102512,102.512,-0.09147127574524924
uC1,32145,0.00010286400000000001,102.864,0.2682736242613991
uC1,32255,0.00010321600000000001,103.21600000000001,0.43003644651952777
uC1,32365,0.00010356800000000001,103.56800000000001,0.5031555386683649
uC1,32474,0.0001039168,103.9168,0.5395213451187534
uC1,32575,0.00010424,104.24000000000001,0.059888843617548114
uC1,32685,0.000104592,104.592,0.336130051224414
uC1,32795,0.000104944,104.944,0.4605959611833033
uC1,32904,0.00010529280000000001,105.29280000000001,0.5187722947869264
uC1,33002,0.0001056064,105.60640000000001,-0.035071650034657786
uC1,33112,0.0001059584,105.95840000000001,0.29358202620485546
uC1,33222,0.0001063104,106.3104,0.44143499347928483
uC1,33332,0.0001066624,106.6624,0.5085547135908207
uC1,33524,0.00010727680000000001,107.27680000000001,0.04398888578927064
uC1,33634,0.00010762880000000001,107.62880000000001,0.32902404829626414
uC1,33744,0.00010798080000000001,107.9808,0.45740236667874673
uC1,33854,0.00010833280000000001,108.3328,0.5168120649128162
uC1,33957,0.0001086624,108.6624,0.004276148072625986
uC1,34067,0.0001090144,109.0144,0.3112173301272343
uC1,34177,0.00010936640000000001,109.36640000000001,0.4493761654995245
uC1,34287,0.00010971840000000001,109.71840000000002,0.5125065446405709
uC1,34404,0.0001100928,110.09280000000001,0.30113168021247816
uC1,34514,0.0001104448,110.4448,0.43854071314307086
uC1,34618,0.0001107776,110.7776,-0.14443612013282828
uC1,34728,0.0001111296,111.1296,0.24450691290182489
uC1,34838,0.0001114816,111.4816,0.41933837379807376
uC1,34948,0.0001118336,111.8336,0.49818481095808337
uC1,35058,0.0001121856,112.1856,0.5350036775786514
uC1,35171,0.0001125472,112.5472,0.5507698503256461
uC1,35260,0.000112832,112.83200000000001,0.02097189439988317
uC1,35370,0.000113184,113.18400000000001,0.318700295330722
uC1,35480,0.000113536,113.536,0.45274693534359933
uC1,35590,0.000113888,113.888,0.514258172630668
uC1,35700,0.00011424,114.24000000000001,0.10611290360540448
uC1,35810,0.000114592,114.592,0.3568038998315457
uC1,35920,0.000114944,114.944,0.46987903045909457
uC1,36028,0.0001152896,115.28960000000001,0.5211921631074277
uC1,36119,0.0001155808,115.5808,-0.08617733492710294
uC1,36229,0.0001159328,115.9328,0.27064490509637457
uC1,36339,0.0001162848,116.2848,0.4311002052395575
uC1,36449,0.0001166368,116.63680000000001,0.5036389911631198
uC1,36557,0.0001169824,116.9824,0.5397910619948297
uC1,36658,0.0001173056,117.3056,0.0600651167818044
uC1,36768,0.0001176576,117.6576,0.33621405632512946
uC1,36878,0.0001180096,118.0096,0.4606358726371839
uC1,36987,0.00011835840000000001,118.3584,0.5188235651749996
uC1,37086,0.0001186752,118.6752,-0.03549144754304762
uC1,37196,0.0001190272,119.0272,0.2933820493980801
uC1,37306,0.00011937920000000001,119.37920000000001,0.44133980780760756
uC1,37416,0.00011973120000000001,119.73120000000002,0.5085132225161068
uC1,37608,0.0001203456,120.3456,0.04332692784948052
uC1,37718,0.0001206976,120.6976,0.32871732425098804
uC1,37828,0.0001210496,121.0496,0.4572599145471406
uC1,37938,0.0001214016,121.4016,0.5167674387782383
uC1,38040,0.00012172800000000001,121.72800000000001,0.005948971066550378
uC1,38150,0.00012208,122.08,0.3119756097811971
uC1,38260,0.000122432,122.43200000000002,0.4497213707001999
uC1,38370,0.000122784,122.78399999999999,0.5126730137565442
uC1,38487,0.0001231584,123.1584,0.2551169570610389
uC1,38597,0.00012351040000000002,123.51040000000002,0.4222456850049736
uC1,38708,0.0001238656,123.86560000000001,0.031438587676097585
uC1,38818,0.0001242176,124.21759999999999,0.32338272965474035
uC1,38928,0.0001245696,124.56960000000001,0.454853695541088
uC1,39038,0.0001249216,124.9216,0.5154533432109053
uC1,39143,0.0001252576,125.2576,0.03654522203984105
uC1,39253,0.0001256096,125.60960000000001,0.3256816579477263
uC1,39363,0.0001259616,125.96159999999999,0.455893663731918
uC1,39473,0.0001263136,126.31360000000001,0.5159883415812567
uC1,39577,0.0001266464,126.64640000000001,0.024678036639251076
uC1,39688,0.0001270016,127.0016,0.320360813077176
uC1,39798,0.0001273536,127.35360000000001,0.45349282727397994
uC1,39907,0.0001277024,127.7024,0.5146563894861929
uC1,40016,0.0001280512,128.0512,0.07719680410264616
uC1,40126,0.0001284032,128.4032,0.3438768697550352
uC1,40236,0.0001287552,128.7552,0.4640808051302679
uC1,40345,0.000129104,129.104,0.5210732330135376
uC1,40439,0.0001294048,129.40480000000002,-0.059683550861700956
uC1,40549,0.0001297568,129.7568,0.28253513213047293
uC1,40659,0.0001301088,130.1088,0.4364563167512288
uC1,40769,0.0001304608,130.4608,0.5061681863404374
uC1,40968,0.0001310976,131.0976,0.02966432687689081
uC1,41078,0.0001314496,131.4496,0.3226051390766118
uC1,41188,0.0001318016,131.8016,0.45451037088323587
uC1,41298,0.0001321536,132.15359999999998,0.5151960683567797
uC1,41405,0.000132496,132.496,0.056182747447735826
uC1,41515,0.000132848,132.848,0.3344784999166067
uC1,41625,0.0001332,133.20000000000002,0.45985566861686555
uC1,41735,0.000133552,133.552,0.5183186034557846
uC1,41834,0.00013386880000000001,133.86880000000002,-0.029069758845999116
uC1,41944,0.0001342208,134.2208,0.2962654499233173
uC1,42054,0.00013457280000000001,134.5728,0.4426401645990478
uC1,42164,0.0001349248,134.9248,0.5091449482530098
uC1,42355,0.000135536,135.536,0.05010821705784482
uC1,42465,0.000135888,135.888,0.3317564585783
uC1,42575,0.00013624,136.24,0.45862941871203244
uC1,42685,0.000136592,136.59199999999998,0.5175702659773599
uC1,42786,0.0001369152,136.9152,-0.012581727051315144
uC1,42896,0.0001372672,137.2672,0.30365426115446065
uC1,43006,0.0001376192,137.6192,0.44596653162490574
uC1,43115,0.000137968,137.96800000000002,0.5107841912882315
uC1,43220,0.000138304,138.304,0.5491652164299797
uC1,43310,0.00013859200000000002,138.592,0.016080035819135106
uC1,43420,0.000138944,138.94400000000002,0.3165062082018282
uC1,43530,0.00013929600000000002,139.29600000000002,0.4517576735431003
uC1,43639,0.0001396448,139.6448,0.5137315904460558
uC1,43752,0.0001400064,140.0064,0.1425220638463297
uC1,43862,0.00014035840000000001,140.35840000000002,0.373042374550624
uC1,43972,0.0001407104,140.7104,0.4770734634455069
uC1,44082,0.0001410624,141.06240000000003,0.06432871453663057
uC1,44192,0.0001414144,141.4144,0.33812306739161146
uC1,44302,0.0001417664,141.7664,0.46149476776491083
uC1,44412,0.0001421184,142.1184,0.5193809298142285
uC1,44508,0.0001424256,142.4256,-0.044583782534181035
uC1,44618,0.0001427776,142.7776,0.28931763456844367
uC1,44728,0.0001431296,143.12959999999998,0.439515016259111
uC1,44838,0.0001434816,143.48160000000001,0.507627168925639
uC1,45033,0.00014410560000000002,144.1056,0.034215304337995536
uC1,45143,0.0001444576,144.4576,0.3246392475360842
uC1,45253,0.00014480960000000002,144.80960000000002,0.4554245815022574
uC1,45363,0.0001451616,145.1616,0.5157123115878139
uC1,45468,0.0001454976,145.4976,0.037194968185054106
uC1,45578,0.0001458496,145.84959999999998,0.32597824798785635
uC1,45689,0.0001462048,146.2048,0.45602755403039635
uC1,45798,0.0001465536,146.5536,0.5160470675091879
uC1,45903,0.0001468896,146.8896,0.022885473244446276
uC1,46013,0.0001472416,147.2416,0.3195545812857234
uC1,46123,0.0001475936,147.5936,0.45313074837488143
uC1,46233,0.0001479456,147.9456,0.5144818915110256
uC1,46342,0.00014829440000000001,148.29440000000002,0.08648330478415096
uC1,46452,0.0001486464,148.6464,0.3480273229566087
uC1,46562,0.0001489984,148.9984,0.4659442174786217
uC1,46670,0.000149344,149.34400000000002,0.5222233533826831
uC1,46763,0.00014964160000000001,149.6416,-0.067026983536285
uC1,46873,0.0001499936,149.9936,0.27923625670616564
uC1,46983,0.0001503456,150.34560000000002,0.4349686081951189
uC1,47093,0.0001506976,150.6976,0.5054620786952962
uC1,47295,0.000151344,151.344,0.032985230949893876
uC1,47405,0.000151696,151.696,0.3240830308857511
uC1,47515,0.000152048,152.048,0.4551718918053627
uC1,47625,0.00015240000000000002,152.4,0.5155870077851203
uC1,47731,0.0001527392,152.7392,0.04115746052914928
uC1,47841,0.00015309120000000002,153.09120000000001,0.32773816469995504
uC1,47951,0.0001534432,153.4432,0.45681583613722343
uC1,48060,0.000153792,153.792,0.5164996223454766
uC1,48163,0.0001541216,154.1216,0.009841773183202038
uC1,48274,0.00015447680000000002,154.47680000000003,0.31371831475131146
uC1,48384,0.0001548288,154.8288,0.45050034554818236
uC1,48493,0.0001551776,155.1776,0.5130766277892443
uC1,48608,0.0001555456,155.5456,0.19320970972532048
uC1,48718,0.00015589760000000002,155.8976,0.39551879099054776
uC1,48828,0.0001562496,156.24960000000002,0.48586537876724567
uC1,48927,0.0001565664,156.5664,-0.11977987992730536
uC1,49037,0.0001569184,156.9184,0.25557589115368134
uC1,49147,0.00015727040000000002,157.27040000000002,0.4243211360625902
uC1,49257,0.0001576224,157.6224,0.5004837939912967
uC1,49367,0.00015797440000000002,157.9744,0.5366518514817555
uC1,49481,0.0001583392,158.3392,0.1975673405249446
uC1,49591,0.00015869120000000002,158.6912,0.39744752504688735
uC1,49701,0.0001590432,159.0432,0.4863687690624134
uC1,49800,0.00015936000000000002,159.36,-0.127531782205678
uC1,49910,0.000159712,159.71200000000002,0.2520890210895259
uC1,50020,0.00016006400000000002,160.06400000000002,0.42274816635859835
uC1,50130,0.000160416,160.416,0.49975542269291445
uC1,50240,0.00016076800000000002,160.76800000000003,0.5361010532357854
uC1,50358,0.0001611456,161.1456,0.30951355485922627
uC1,50469,0.0001615008,161.5008,0.43943821903340397
uC1,50572,0.00016183040000000002,161.83040000000003,-0.1608559022388577
uC1,50682,0.0001621824,162.1824,0.23713037386878347
uC1,50792,0.00016253440000000001,162.5344,0.4160157716433352
uC1,50902,0.0001628864,162.8864,0.4966551453289496
uC1,51012,0.0001632384,163.2384,0.5340237480174517
uC1,51196,0.0001638272,163.8272,0.37257370144408575
uC1,51307,0.0001641824,164.1824,-0.040360799418005244
uC1,51417,0.0001645344,164.5344,0.29119376596279967
uC1,51527,0.0001648864,164.88639999999998,0.4403539954606724
uC1,51637,0.0001652384,165.2384,0.5080577486360264
uC1,51829,0.0001658528,165.8528,0.04095918200881286
uC1,51939,0.0001662048,166.2048,0.3276623561020114
uC1,52049,0.0001665568,166.5568,0.45678712855394343
uC1,52159,0.0001669088,166.9088,0.516475327959412
uC1,52262,0.0001672384,167.2384,0.013429516633673326
uC1,52372,0.00016759040000000001,167.59040000000002,0.3153298895948522
uC1,52483,0.0001679456,167.9456,0.4512267617786141
uC1,52592,0.0001682944,168.29440000000002,0.5134533802124108
uC1,52705,0.00016865600000000002,168.656,0.15499641170152517
uC1,52815,0.000169008,169.008,0.378601597694957
uC1,52925,0.00016936000000000002,169.36,0.4794769384154189
uC1,53033,0.00016970560000000002,169.7056,-0.005075673259676329
uC1,53143,0.0001700576,170.0576,0.30702092885914956
uC1,53253,0.00017040960000000002,170.4096,0.4474842168331593
uC1,53363,0.0001707616,170.76160000000002,0.5115540929207603
uC1,53474,0.0001711168,171.11679999999998,0.5215820975129348
uC1,53564,0.0001714048,171.4048,-0.0914619280114139
uC1,53675,0.00017176,171.76,0.26828627763544377
uC1,53785,0.000172112,172.112,0.43003660228173296
uC1,53895,0.000172464,172.464,0.5031399556237277
uC1,54003,0.0001728096,172.8096,0.5391432853882745
uC1,54106,0.0001731392,173.13920000000002,0.0735234285229146
uC1,54216,0.0001734912,173.4912,0.3422374432198252
uC1,54326,0.0001738432,173.8432,0.4633457174785119
uC1,54435,0.00017419200000000002,174.192,0.5205679039307357
uC1,54530,0.000174496,174.496,-0.05530046662565469
uC1,54640,0.00017484800000000002,174.848,0.2845038673563193
uC1,54750,0.0001752,175.20000000000002,0.43734408624939275
uC1,54860,0.00017555200000000002,175.55200000000002,0.5065905927029016
uC1,55058,0.0001761856,176.1856,0.029365087704355634
uC1,55168,0.0001765376,176.5376,0.32246539896694376
uC1,55278,0.0001768896,176.8896,0.4544450218253623
uC1,55388,0.0001772416,177.2416,0.5151739016848373
uC1,55495,0.000177584,177.584,0.05714836412686192
uC1,55605,0.000177936,177.936,0.33490628274023015
uC1,55715,0.000178288,178.288,0.4600463110348269
uC1,55825,0.00017864,178.64000000000001,0.5184657071956266
uC1,55923,0.0001789536,178.9536,-0.03108091192237417
uC1,56033,0.0001793056,179.3056,0.29537052219690585
uC1,56143,0.00017965760000000002,179.65760000000003,0.44224007350361316
uC1,56253,0.0001800096,180.0096,0.5089464577447415
uC1,56445,0.000180624,180.624,0.048313874817858406
uC1,56555,0.000180976,180.976,0.33094837500973245
uC1,56665,0.000181328,181.328,0.45826363563262873
uC1,56774,0.0001816768,181.67680000000001,0.5173364860957481
uC1,56876,0.0001820032,182.00320000000002,-0.007924519915350313
uC1,56986,0.0001823552,182.3552,0.3057460365105351
uC1,57096,0.0001827072,182.7072,0.4469105394486204
uC1,57206,0.0001830592,183.0592,0.5112570667274013
uC1,57314,0.0001834048,183.4048,0.538100428189235
uC1,57403,0.0001836896,183.68959999999998,-0.03323299001024987
uC1,57513,0.0001840416,184.04160000000002,0.2944078531095729
uC1,57623,0.0001843936,184.3936,0.4418070248382075
uC1,57733,0.0001847456,184.7456,0.5087290685165515
uC1,57925,0.00018536,185.36,0.0451303788138098
uC1,58035,0.00018571200000000001,185.71200000000002,0.32953187236243997
uC1,58145,0.000186064,186.064,0.4576296250001404
uC1,58255,0.000186416,186.41600000000003,0.5169578412843707
uC1,58357,0.0001867424,186.7424,0.0006540015431223768
uC1,58467,0.0001870944,187.0944,0.3096003406832957
uC1,58577,0.0001874464,187.44639999999998,0.448650568490525
uC1,58687,0.0001877984,187.79840000000002,0.5121281539374569
uC1,58805,0.000188176,188.176,0.4353365185298973
uC1,58908,0.0001885056,188.50560000000002,-0.17656528009591824
uC1,59018,0.0001888576,188.8576,0.23007466361443527
uC1,59128,0.0001892096,189.20960000000002,0.4128389313592984
uC1,59238,0.0001895616,189.5616,0.4951966095346026
uC1,59348,0.0001899136,189.9136,0.5331516817598778
uC1,59532,0.0001905024,190.5024,0.1868699048166149
uC1,59642,0.00019085440000000001,190.85440000000003,0.39273797205200817
uC1,59752,0.0001912064,191.2064,0.485073157230821
uC1,59853,0.0001915296,191.52960000000002,-0.1053184366929871
uC1,59963,0.00019188160000000002,191.88160000000002,0.26205933537360565
uC1,60073,0.0001922336,192.2336,0.4272370781747228
uC1,60183,0.00019258560000000001,192.58560000000003,0.5018392812903143
uC1,60292,0.0001929344,192.93439999999998,0.5378808584220142
uC1,60400,0.00019328000000000002,193.28000000000003,0.11191410428455364
uC1,60510,0.000193632,193.632,0.35939126329742777
uC1,60620,0.00019398400000000002,193.984,0.4710352886292243
uC1,60728,0.00019432960000000002,194.32960000000003,0.5171493145996816
uC1,60819,0.0001946208,194.6208,-0.101093756942792
uC1,60929,0.00019497280000000002,194.9728,0.26395857033647
uC1,61039,0.0001953248,195.3248,0.42809289210831614
uC1,61149,0.00019567680000000002,195.67680000000001,0.5022330771446833
uC1,61258,0.0001960256,196.0256,0.5381881271211569
uC1,61365,0.00019636800000000001,196.36800000000002,0.10269011453885965
uC1,61475,0.00019672,196.72,0.3552717117177324
uC1,61585,0.000197072,197.072,0.4691934834304668
uC1,61692,0.0001974144,197.4144,0.5224474315904377
uC1,61783,0.00019770560000000002,197.70560000000003,-0.07969456676744026
uC1,61893,0.0001980576,198.0576,0.2735639665815514
uC1,62003,0.00019840960000000002,198.4096,0.4324191135323131
uC1,62113,0.0001987616,198.76160000000002,0.5042572829842189
uC1,62222,0.0001991104,199.1104,0.5406561517272612
uC1,62320,0.00019942400000000002,199.424,0.04785052470397548
uC1,62430,0.000199776,199.776,0.3307470885165464
uC1,62540,0.00020012800000000002,200.12800000000001,0.4581755952094996
uC1,62650,0.00020048,200.48000000000002,0.5172963828743831
uC1,62751,0.0002008032,200.8032,-0.008489905767626994
uC1,62861,0.0002011552,201.1552,0.3055000053892785
uC1,62971,0.0002015072,201.5072,0.4468029307403338
uC1,63081,0.00020185920000000002,201.85920000000002,0.5111970526383888
uC1,63189,0.00020220480000000002,202.2048,0.539809365848356
uC1,63278,0.00020248960000000002,202.48960000000002,-0.026193242106801202
uC1,63388,0.0002028416,202.8416,0.29756479163861344
uC1,63498,0.00020319360000000002,203.19360000000003,0.4432290047031406
uC1,63608,0.0002035456,203.5456,0.5094212403842742
uC1,63799,0.00020415680000000002,204.1568,0.05187829184962319
uC1,63909,0.0002045088,204.5088,0.33255390487193875
uC1,64019,0.00020486080000000002,204.8608,0.4589905086232197
uC1,64129,0.0002052128,205.2128,0.5177654148715923
uC1,64229,0.0002055328,205.5328,-0.01686496190451801
uC1,64339,0.0002058848,205.8848,0.3017462431934028
uC1,64449,0.0002062368,206.2368,0.44511246344068023
uC1,64559,0.0002065888,206.58880000000002,0.5103545696756724
uC1,64751,0.0002072032,207.2032,0.039732935532500326
uC1,64862,0.0002075584,207.5584,0.3271104974755638
uC1,64972,0.0002079104,207.9104,0.45653436622942767
uC1,65081,0.0002082592,208.25920000000002,0.5163156990307896
uC1,65185,0.000208592,208.592,0.01855755488380377
uC1,65295,0.000208944,208.944,0.3176246054840046
uC1,65405,0.000209296,209.29600000000002,0.45226537741793776
uC1,65515,0.000209648,209.648,0.5140028577353505
uC1,65626,0.00021000320000000002,210.00320000000002,0.11322774427901494
uC1,65736,0.0002103552,210.3552,0.35998151766499037
uC1,65846,0.00021070720000000001,210.7072,0.4712984386721383
uC1,65955,0.00021105600000000002,211.056,0.5145963735184896
uC1,66046,0.0002113472,211.34720000000002,-0.10920757182738557
uC1,66156,0.00021169920000000002,211.69920000000002,0.2603175353668851
uC1,66266,0.0002120512,212.0512,0.4264537627704476
uC1,66376,0.00021240320000000002,212.40320000000003,0.5014701640991142
uC1,66486,0.0002127552,212.7552,0.5374666431969869
uC1,66595,0.000213104,213.104,0.1378797760625491
uC1,66705,0.000213456,213.456,0.37098519403320707
uC1,66815,0.000213808,213.80800000000002,0.47617920922395046
uC1,66927,0.0002141664,214.1664,0.10202127752540707
uC1,67037,0.0002145184,214.51839999999999,0.3549773220394022
uC1,67147,0.0002148704,214.87040000000002,0.4690610136688711
uC1,67255,0.000215216,215.216,0.5222485521259332
uC1,67346,0.0002155072,215.50719999999998,-0.08069487345490073
uC1,67456,0.0002158592,215.85920000000002,0.2731087028946398
uC1,67566,0.00021621120000000002,216.21120000000002,0.43221132956109715
uC1,67676,0.0002165632,216.5632,0.5041606135692265
uC1,67784,0.0002169088,216.9088,0.5405225658485233
uC1,67883,0.0002172256,217.2256,0.04934907956143629
uC1,67993,0.0002175776,217.57760000000002,0.33141752452183687
uC1,68103,0.0002179296,217.9296,0.458477204398939
uC1,68213,0.0002182816,218.2816,0.5174792956648014
uC1,68314,0.0002186048,218.6048,-0.01238407862418799
uC1,68424,0.0002189568,218.9568,0.30374637608639427
uC1,68534,0.0002193088,219.30880000000002,0.4460096080866399
uC1,68644,0.0002196608,219.6608,0.5108065185904033
uC1,68749,0.0002199968,219.9968,0.5486047768801577
uC1,68838,0.0002202816,220.2816,0.013063230520161954
uC1,68948,0.00022063360000000001,220.6336,0.31516080712046673
uC1,69058,0.0002209856,220.9856,0.4511544491297539
uC1,69168,0.0002213376,221.3376,0.5134107842553632
uC1,69281,0.00022169920000000002,221.69920000000002,0.16906233179963676
uC1,69391,0.0002220512,222.0512,0.3848515549373247
uC1,69501,0.00022240320000000002,222.40320000000003,0.4820835672481946
uC1,69606,0.0002227392,222.7392,-0.05890570904734717
uC1,69716,0.0002230912,223.09120000000001,0.2828799971997407
uC1,69826,0.0002234432,223.4432,0.4366104527213733
uC1,69936,0.0002237952,223.79520000000002,0.5062479573265073
uC1,70135,0.000224432,224.432,0.029144868877117296
uC1,70245,0.000224784,224.78400000000002,0.3223590691608441
uC1,70355,0.00022513600000000002,225.13600000000002,0.45439382902203546
uC1,70464,0.0002254848,225.4848,0.5151375287597992
uC1,70572,0.0002258304,225.8304,0.05907747399151537
uC1,70682,0.0002261824,226.1824,0.33576429603981034
uC1,70792,0.0002265344,226.5344,0.46043017658878527
uC1,70901,0.0002268832,226.88320000000002,0.5186741008201556
uC1,70999,0.0002271968,227.19680000000002,-0.03446097482647677
uC1,71109,0.0002275488,227.5488,0.293856623761016
uC1,71219,0.0002279008,227.9008,0.44155898233037105
uC1,71329,0.0002282528,228.2528,0.508614371364191
uC1,71521,0.00022886720000000002,228.86720000000003,0.0445826200658332
uC1,71631,0.0002292192,229.2192,0.32928862499813677
uC1,71741,0.00022957120000000002,229.5712,0.4575209542490002
uC1,71851,0.0002299232,229.9232,0.5168861947574167
uC1,71954,0.00023025280000000002,230.2528,0.002504891016338945
uC1,72064,0.0002306048,230.6048,0.3104192537249583
uC1,72174,0.00023095680000000002,230.95680000000002,0.44901481571797097
uC1,72284,0.0002313088,231.3088,0.5123248361555482
uC1,72401,0.0002316832,231.6832,0.36946968427717464
uC1,72512,0.0002320384,232.0384,-0.030985694490794885
uC1,72622,0.00023239040000000002,232.39040000000003,0.29539678116716084
uC1,72732,0.0002327424,232.7424,0.44224636109959103
uC1,72842,0.00023309440000000002,233.0944,0.5089776911196722
uC1,73033,0.0002337056,233.7056,0.049753424164212155
uC1,73143,0.00023405760000000001,234.0576,0.3315933747473233
uC1,73253,0.0002344096,234.4096,0.45855422563513404
uC1,73362,0.0002347584,234.7584,0.5175093298931978
uC1,73463,0.0002350816,235.0816,-0.0115149589612891
uC1,73573,0.0002354336,235.43359999999998,0.3041458733184123
uC1,73683,0.0002357856,235.78560000000002,0.44619380579438317
uC1,73793,0.00023613760000000002,236.13760000000002,0.5108906107602845
uC1,73899,0.0002364768,236.4768,0.5471752539107541
uC1,73988,0.0002367616,236.76160000000002,0.006335022909739815
uC1,74098,0.00023711360000000002,237.11360000000002,0.31214670814822376
uC1,74208,0.0002374656,237.4656,0.4497972164395349
uC1,74318,0.00023781760000000002,237.81760000000003,0.5127057008285926
uC1,74435,0.000238192,238.192,0.27433168083164666
uC1,74545,0.000238544,238.544,0.42996794900620916
uC1,74653,0.0002388896,238.8896,-0.06442459474050838
uC1,74763,0.0002392416,239.2416,0.28040378890670425
uC1,74873,0.0002395936,239.5936,0.4354958147528644
uC1,74983,0.0002399456,239.94559999999998,0.5057243608424604
uC1,75183,0.00024058560000000002,240.58560000000003,0.029277729099916168
uC1,75293,0.0002409376,240.9376,0.32242522547477687
uC1,75403,0.00024128960000000001,241.2896,0.45442650129797185
uC1,75513,0.0002416416,241.6416,0.5151668460355008
uC1,75620,0.00024198400000000002,241.984,0.05717183218326854
uC1,75730,0.000242336,242.336,0.33491599810358874
uC1,75840,0.00024268800000000002,242.68800000000002,0.46005035341462436
uC1,75949,0.0002430368,243.0368,0.518466812697018
uC1,76048,0.00024335360000000001,243.3536,-0.03115519883483209
uC1,76158,0.0002437056,243.7056,0.29533625649063006
uC1,76268,0.0002440576,244.0576,0.4422242362346741
uC1,76378,0.0002444096,244.4096,0.5089393269168987
uC1,76570,0.000245024,245.024,0.048288938697526394
uC1,76680,0.000245376,245.376,0.3309365124188978
uC1,76790,0.000245728,245.728,0.458258002652032
uC1,76899,0.0002460768,246.07680000000002,0.5173272029003365
uC1,77001,0.00024640320000000003,246.40320000000003,-0.0077660485369718275
uC1,77111,0.0002467552,246.7552,0.30581659287090496
uC1,77221,0.0002471072,247.1072,0.44694210586416844
uC1,77331,0.0002474592,247.4592,0.5112732078807449
uC1,77439,0.0002478048,247.80480000000003,0.5376103551752968
uC1,77528,0.0002480896,248.0896,-0.03500001149080789
uC1,77638,0.0002484416,248.4416,0.29361694271908356
uC1,77748,0.0002487936,248.79360000000003,0.44145142840172463
uC1,77858,0.00024914560000000003,249.14560000000003,0.5085557893556253
uC1,78051,0.00024976320000000003,249.76320000000004,0.043066540570328736
uC1,78161,0.0002501152,250.1152,0.32859944571174093
uC1,78271,0.0002504672,250.4672,0.45720629608761015
uC1,78380,0.000250816,250.816,0.5167345435296292
uC1,78483,0.0002511456,251.14560000000003,0.006814028225830079
uC1,78593,0.0002514976,251.49759999999998,0.31236341406312124
uC1,78703,0.0002518496,251.84959999999998,0.4498961006844863
uC1,78813,0.0002522016,252.2016,0.5127627653098955
uC1,78929,0.0002525728,252.5728,0.23758034338971487
uC1,79039,0.0002529248,252.92480000000003,0.41485799530214396
uC1,79153,0.0002532896,253.2896,0.20404410411149637
uC1,79263,0.0002536416,253.6416,0.40027060820964155
uC1,79373,0.00025399360000000003,253.99360000000004,0.4865382131093215
uC1,79471,0.0002543072,254.30720000000002,-0.14067604519227037
uC1,79581,0.00025465920000000003,254.65920000000003,0.24618614104485417
uC1,79691,0.0002550112,255.0112,0.42008967214413195
uC1,79801,0.0002553632,255.3632,0.4985266910374434
uC1,79911,0.0002557152,255.7152,0.5352132675349142
uC1,80024,0.0002560768,256.0768,0.5427355001984556
uC1,80114,0.00025636480000000003,256.3648,-0.01495036787911592
uC1,80224,0.0002567168,256.7168,0.3025956434212959
uC1,80334,0.0002570688,257.0688,0.4454906329270636
uC1,80444,0.0002574208,257.4208,0.5105399611470439
uC1,80636,0.0002580352,258.03520000000003,0.03758693340665873
uC1,80746,0.0002583872,258.3872,0.3261490084030667
uC1,80856,0.00025873920000000003,258.73920000000004,0.4561043129250913
uC1,80966,0.0002590912,259.0912,0.5160935420880093
uC1,81070,0.000259424,259.42400000000004,0.025422506376618054
uC1,81180,0.00025977600000000003,259.776,0.3207025201963686
uC1,81290,0.000260128,260.128,0.45365261141509866
uC1,81400,0.00026048,260.48,0.5147412883166156
uC1,81508,0.0002608256,260.8256,0.07301418635484838
uC1,81619,0.0002611808,261.18080000000003,0.3420147017950213
uC1,81729,0.00026153280000000003,261.5328,0.4632413951466985
uC1,81838,0.0002618816,261.8816,0.5205070609824636
uC1,81933,0.0002621856,262.1856,-0.05494009773515307
uC1,82043,0.0002625376,262.5376,0.28465771769678455
uC1,82153,0.0002628896,262.88960000000003,0.43740988955865284
uC1,82263,0.0002632416,263.2416,0.5066231333732634
uC1,82460,0.000263872,263.872,0.02959824406241704
uC1,82571,0.00026422720000000003,264.22720000000004,0.32257582369594623
uC1,82681,0.0002645792,264.5792,0.454491263489103
uC1,82790,0.000264928,264.928,0.5151844007196443
uC1,82897,0.0002652704,265.2704,0.057196612077206305
uC1,83007,0.0002656224,265.6224,0.3349351846681863
uC1,83117,0.0002659744,265.9744,0.46006240965578366
uC1,83227,0.0002663264,266.32640000000004,0.5184301368923856
uC1,83326,0.0002666432,266.64320000000004,-0.030848799153366007
uC1,83436,0.00026699520000000003,266.9952,0.2954661185829971
uC1,83546,0.0002673472,267.3472,0.44227943762754
uC1,83656,0.0002676992,267.6992,0.5089695460952668
uC1,83847,0.0002683104,268.31039999999996,0.04843976167513091
uC1,83957,0.0002686624,268.6624,0.3310113002359945
uC1,84067,0.0002690144,269.0144,0.45829472050686204
uC1,84177,0.0002693664,269.3664,0.5173609582752396
uC1,84278,0.00026968960000000003,269.68960000000004,-0.008555714160601203
uC1,84388,0.0002700416,270.04159999999996,0.305468840378868
uC1,84498,0.0002703936,270.3936,0.4467881848437032
uC1,84608,0.0002707456,270.7456,0.5111912378021221
uC1,84715,0.000271088,271.088,0.5399190537043955
uC1,84805,0.000271376,271.376,-0.025836350967319007
uC1,84915,0.000271728,271.728,0.29772269665413326
uC1,85025,0.00027208,272.08,0.44329922989167875
uC1,85135,0.000272432,272.432,0.5094569848638517
uC1,85326,0.0002730432,273.0432,0.052075594364457335
uC1,85436,0.0002733952,273.39520000000005,0.33263974925391593
uC1,85546,0.00027374720000000003,273.7472,0.45902810711120745
uC1,85656,0.0002740992,274.0992,0.5178006612063085
uC1,85756,0.0002744192,274.4192,-0.017537290653488507
uC1,85866,0.0002747712,274.7712,0.3014410980571134
uC1,85976,0.0002751232,275.1232,0.4449734399405768
uC1,86086,0.00027547520000000003,275.47520000000003,0.5102887212501828
uC1,86278,0.0002760896,276.0896,0.04170345059152615
uC1,86388,0.00027644160000000003,276.44160000000005,0.3279944722725431
uC1,86498,0.0002767936,276.79359999999997,0.4569361677036547
uC1,86608,0.0002771456,277.1456,0.5165637370660175
uC1,86711,0.0002774752,277.47520000000003,0.011326937862727142
uC1,86821,0.00027782720000000004,277.82720000000006,0.31438259420694165
uC1,86931,0.0002781792,278.1792,0.45080424372129896
uC1,87041,0.0002785312,278.5312,0.5132382470764852
uC1,87155,0.000278896,278.896,0.17406507388934428
uC1,87265,0.000279248,279.248,0.3870568106012254
uC1,87375,0.0002796,279.6,0.482953669052914
uC1,87478,0.0002799296,279.9296,-0.07461800420852822
uC1,87588,0.0002802816,280.28159999999997,0.27583590832076854
uC1,87698,0.0002806336,280.6336,0.43344046727149954
uC1,87808,0.0002809856,280.98560000000003,0.5047454476531259
uC1,88012,0.0002816384,281.6384,0.03800494198523141
uC1,88122,0.0002819904,281.9904,0.32634055027362074
uC1,88232,0.0002823424,282.3424,0.4561924683506961
uC1,88342,0.00028269440000000003,282.69440000000003,0.5161356365094449
uC1,88446,0.0002830272,283.0272,0.022080517334655936
uC1,88556,0.0002833792,283.3792,0.3192063021570128
uC1,88666,0.0002837312,283.7312,0.4529791516802302
uC1,88776,0.0002840832,284.0832,0.5143764224788521
uC1,88886,0.0002844352,284.4352,0.09160813829620643
uC1,88996,0.0002847872,284.7872,0.3503203244884233
uC1,89106,0.0002851392,285.1392,0.46697395131620945
uC1,89214,0.0002854848,285.4848,0.5227240570747119
uC1,89306,0.0002857792,285.7792,-0.07061141343696188
uC1,89416,0.00028613120000000003,286.13120000000004,0.2776302366905066
uC1,89526,0.0002864832,286.4832,0.43424629423387184
uC1,89636,0.0002868352,286.8352,0.5051201120850181
uC1,89839,0.0002874848,287.4848,0.03595464251808145
uC1,89949,0.00028783680000000003,287.83680000000004,0.3254197366534581
uC1,90059,0.0002881888,288.1888,0.4557767293120066
uC1,90169,0.0002885408,288.5408,0.5159086823142709
uC1,90274,0.00028887680000000003,288.87680000000006,0.029160903435182465
uC1,90384,0.0002892288,289.2288,0.3223704694325565
uC1,90494,0.0002895808,289.5808,0.45440095497095767
uC1,90604,0.0002899328,289.93280000000004,0.5151654320649206
uC1,90711,0.0002902752,290.2752,0.05420706539972248
uC1,90821,0.0002906272,290.6272,0.3335849423975308
uC1,90931,0.00029097920000000003,290.97920000000005,0.45944966992724
uC1,91040,0.000291328,291.328,0.5180767337454087
uC1,91140,0.00029164800000000004,291.648,-0.024925900138597155
uC1,91250,0.000292,292.0,0.2981234932734862
uC1,91360,0.000292352,292.35200000000003,0.44347701940968115
uC1,91470,0.000292704,292.704,0.5095544027834663
uC1,91661,0.0002933152,293.3152,0.05225643290671548
uC1,91771,0.0002936672,293.66720000000004,0.3327149936110324
uC1,91881,0.00029401920000000003,294.0192,0.4590595927149225
uC1,91990,0.000294368,294.368,0.517815794040184
uC1,92091,0.0002946912,294.6912,-0.01767720053043908
uC1,92201,0.0002950432,295.0432,0.3013719570291735
uC1,92311,0.0002953952,295.3952,0.4449394776649707
uC1,92421,0.0002957472,295.7472,0.5102754822844267
uC1,92613,0.0002963616,296.3616,0.042622547114749255
uC1,92723,0.00029671360000000003,296.71360000000004,0.3283989723900378
uC1,92833,0.0002970656,297.0656,0.4571153149042852
uC1,92942,0.0002974144,297.4144,0.5166610251616741
uC1,93045,0.000297744,297.744,0.009018617088319835
uC1,93155,0.00029809600000000003,298.096,0.31335266472135664
uC1,93266,0.0002984512,298.4512,0.4503417941689009
uC1,93375,0.0002988,298.8,0.5129910766398457
uC1,93490,0.000299168,299.168,0.20372760659416642
uC1,93600,0.00029952,299.52,0.4001532771013524
uC1,93710,0.000299872,299.872,0.48675211314855565
uC1,93808,0.0003001856,300.1856,-0.13829472318864067
uC1,93918,0.0003005376,300.5376,0.2472594499102605
uC1,94028,0.0003008896,300.88960000000003,0.4205747614008624
uC1,94138,0.0003012416,301.2416,0.4987508705603515
uC1,94248,0.0003015936,301.5936,0.535362051383057
uC1,94363,0.0003019616,301.9616,0.5286411389200806
uC1,94453,0.00030224960000000003,302.24960000000004,-0.0689828190438476
uC1,94563,0.0003026016,302.60159999999996,0.27837170593370764
uC1,94673,0.0003029536,302.9536,0.43458467245825516
uC1,94783,0.0003033056,303.3056,0.5052762366852931
uC1,94986,0.0003039552,303.95520000000005,0.03522146458400664
uC1,95096,0.0003043072,304.30719999999997,0.3250952478241038
uC1,95206,0.0003046592,304.6592,0.45563223503975303
uC1,95316,0.0003050112,305.01120000000003,0.5158155352026194
uC1,95421,0.0003053472,305.3472,0.03264075357624709
uC1,95531,0.0003056992,305.6992,0.32393793265628334
uC1,95641,0.0003060512,306.0512,0.45511055237804554
uC1,95751,0.00030640320000000003,306.4032,0.5155345730504554
uC1,95857,0.0003067424,306.74240000000003,0.04004648554340245
uC1,95967,0.0003070944,307.0944,0.32724977137277217
uC1,96077,0.0003074464,307.4464,0.4565998009830417
uC1,96187,0.0003077984,307.7984,0.5163904674535295
uC1,96290,0.000308128,308.12800000000004,0.012673189636964977
uC1,96400,0.00030848000000000003,308.48,0.3149892985714641
uC1,96510,0.000308832,308.832,0.4510789630406359
uC1,96620,0.000309184,309.184,0.5133759099394469
uC1,96733,0.00030954560000000003,309.54560000000004,0.1615258769448284
uC1,96844,0.0003099008,309.9008,0.38150536136210433
uC1,96954,0.0003102528,310.25280000000004,0.4807023821294086
uC1,97059,0.0003105888,310.5888,-0.031995712222848985
uC1,97169,0.0003109408,310.9408,0.294961735901975
uC1,97279,0.0003112928,311.2928,0.44205700157880784
uC1,97389,0.00031164480000000003,311.64480000000003,0.5088617448962488
uC1,97581,0.0003122592,312.2592,0.04781185916886844
uC1,97691,0.00031261120000000003,312.61120000000005,0.3307264531235308
uC1,97801,0.0003129632,312.9632,0.4581649159897622
uC1,97911,0.0003133152,313.3152,0.5172987889355839
uC1,98012,0.0003136384,313.6384,-0.006868471332195026
uC1,98122,0.0003139904,313.9904,0.3062245425592187
uC1,98232,0.00031434240000000003,314.34240000000005,0.4471283060264284
uC1,98342,0.0003146944,314.6944,0.5113625381322306
uC1,98451,0.0003150432,315.0432,0.5341883786831605
uC1,98541,0.00031533120000000003,315.3312,-0.048244523680643664
uC1,98651,0.0003156832,315.6832,0.28766425021229114
uC1,98761,0.0003160352,316.03520000000003,0.43876498346432335
uC1,98871,0.0003163872,316.3872,0.5072668551226901
uC1,99067,0.0003170144,317.01439999999997,0.03163558076676735
uC1,99177,0.0003173664,317.3664,0.32347733135444273
uC1,99287,0.0003177184,317.71840000000003,0.45489856411256996
uC1,99396,0.0003180672,318.0672,0.5154333102807982
uC1,99503,0.0003184096,318.4096,0.04781363297345288
uC1,99613,0.0003187616,318.76160000000004,0.3307254029551506
uC1,99723,0.00031911360000000003,319.1136,0.4581636378024087
uC1,99833,0.0003194656,319.4656,0.5173163253015669
uC1,99934,0.0003197888,319.7888,-0.00999434575341383
uC2,46,1.472e-07,0.1472,0.001545394340630954
uC2,497,1.5904e-06,1.5904,0.005601801685428655
uC2,605,1.936e-06,1.9360000000000002,0.015142258200851034
uC2,718,2.2976000000000002e-06,2.2976,0.0021629637202073087
uC2,827,2.6464e-06,2.6464000000000003,0.005395429414743354
uC2,935,2.992e-06,2.992,0.013884489432310387
uC2,1042,3.3344e-06,3.3344,0.058485270427207914
uC2,1132,3.6224000000000002e-06,3.6224000000000003,0.0008711681488347109
uC2,1669,5.340800000000001e-06,5.340800000000001,0.0016404972381699621
uC2,1779,5.6928e-06,5.6928,0.004210021931915604
uC2,1887,6.0384000000000005e-06,6.0384,0.010358053803878171
uC2,1993,6.3776000000000006e-06,6.3776,0.03338148062411002
uC2,2107,6.7424e-06,6.7424,0.0019372568358274544
uC2,2217,7.0944e-06,7.0944,0.004875228623725908
uC2,2324,7.4368000000000005e-06,7.436800000000001,0.012268504981865734
uC2,2430,7.776e-06,7.776,0.04560407261325521
uC2,2531,8.0992e-06,8.0992,0.0011051652840768174
uC2,2644,8.4608e-06,8.4608,0.0030747663514778434
uC2,2857,9.1424e-06,9.1424,0.019907858254672228
uC2,2965,9.488e-06,9.488,0.1389180779073302
uC2,3056,9.779200000000001e-06,9.779200000000001,0.0018437640004971654
uC2,3166,1.01312e-05,10.1312,0.004664376191977268
uC2,3274,1.0476800000000001e-05,10.4768,0.01164818142055658
uC2,3380,1.0816000000000001e-05,10.816,0.04127087932042218
uC2,3484,1.11488e-05,11.148800000000001,0.0012705604423259597
uC2,3596,1.15072e-05,11.507200000000001,0.0034187033616403803
uC2,3704,1.1852800000000001e-05,11.8528,0.00827307654214177
uC2,3810,1.2192000000000001e-05,12.192000000000002,0.023264247099523395
uC2,3927,1.25664e-05,12.5664,0.14249053339113654
uC2,4010,1.2832e-05,12.832,0.001322239749019836
uC2,4121,1.31872e-05,13.187199999999999,0.0035254266523452545
uC2,4230,1.3536e-05,13.536000000000001,0.00854261664506683
uC2,4335,1.3872e-05,13.872,0.024409360313155663
uC2,4455,1.4256e-05,14.256,0.0980717611129256
uC2,4501,1.4403200000000001e-05,14.403200000000002,0.0005375624863576679
uC2,5079,1.62528e-05,16.2528,0.0018115371062632486
uC2,5189,1.66048e-05,16.6048,0.004591134077241154
uC2,5297,1.69504e-05,16.9504,0.011434123852440352
uC2,5403,1.72896e-05,17.2896,0.039869615421156954
uC2,5510,1.7632e-05,17.632,0.0013401066627250604
uC2,5621,1.79872e-05,17.987199999999998,0.0035640378149297863
uC2,5729,1.8332800000000002e-05,18.332800000000002,0.008642832733374772
uC2,5834,1.86688e-05,18.6688,0.024854160389356034
uC2,5955,1.9056000000000002e-05,19.056,0.07371980887676383
uC2,6003,1.92096e-05,19.2096,-0.007601558850334051
uC2,6603,2.1129600000000002e-05,21.129600000000003,0.005214115620223775
uC2,6712,2.14784e-05,21.4784,0.013864808282862373
uC2,6827,2.18464e-05,21.846400000000003,0.004904947885176469
uC2,6936,2.21952e-05,22.1952,0.01288238083858536
uC2,7046,2.25472e-05,22.5472,0.03868764569867179
uC2,7101,2.27232e-05,22.7232,-0.01632630016680084
uC2,7771,2.48672e-05,24.8672,0.0035454279068532933
uC2,7879,2.52128e-05,25.2128,0.00889107619324757
uC2,7987,2.5558400000000002e-05,25.558400000000002,0.027748672562090536
uC2,8089,2.58848e-05,25.8848,0.0009590606746909029
uC2,8619,2.7580800000000002e-05,27.580800000000004,0.0016605134810942996
uC2,8729,2.79328e-05,27.9328,0.004256258095134203
uC2,8837,2.82784e-05,28.2784,0.010486163526108509
uC2,8943,2.8617600000000002e-05,28.617600000000003,0.03410256225000253
uC2,9056,2.8979200000000002e-05,28.979200000000002,0.001835044191885534
uC2,9166,2.93312e-05,29.331200000000003,0.004646656179776719
uC2,9274,2.96768e-05,29.6768,0.011595592866294937
uC2,9379,3.0012800000000002e-05,30.012800000000002,0.040928618228922124
uC2,9484,3.03488e-05,30.3488,0.0012831619994497214
uC2,9596,3.07072e-05,30.707200000000004,0.0034428308149654007
uC2,9704,3.10528e-05,31.0528,0.008336740363113188
uC2,9810,3.1392e-05,31.392,0.02353195261044122
uC2,9927,3.17664e-05,31.7664,0.13362633060895773
uC2,10010,3.2032e-05,32.032000000000004,0.0011941349687189158
uC2,10123,3.23936e-05,32.3936,0.0032581631957109784
uC2,10231,3.27392e-05,32.7392,0.007873522133963529
uC2,10336,3.30752e-05,33.075199999999995,0.021620393585863838
uC2,10448,3.34336e-05,33.4336,0.16341971410590037
uC2,10535,3.3712e-05,33.711999999999996,0.0018318001575543773
uC2,10644,3.4060800000000004e-05,34.06080000000001,0.004636621067530737
uC2,10752,3.44064e-05,34.406400000000005,0.011564778944519832
uC2,10858,3.47456e-05,34.7456,0.04071327618073231
uC2,10964,3.50848e-05,35.0848,0.0012986802253505902
uC2,11075,3.544e-05,35.44,0.0034757550176846676
uC2,11183,3.57856e-05,35.785599999999995,0.008417234118411755
uC2,11289,3.6124800000000004e-05,36.1248,0.02387907952289979
uC2,11407,3.65024e-05,36.5024,0.1203458144840522
uC2,11489,3.6764800000000004e-05,36.7648,0.0010138539372900927
uC2,11920,3.8144e-05,38.144,0.1084898132403217
uC2,12017,3.84544e-05,38.4544,0.00172057522609659
uC2,12127,3.88064e-05,38.806400000000004,0.00438943750476754
uC2,12235,3.9152e-05,39.152,0.010857466674485448
uC2,12341,3.94912e-05,39.4912,0.03626575501306349
uC2,12452,3.98464e-05,39.846399999999996,0.0015997913704309907
uC2,12562,4.0198400000000005e-05,40.19840000000001,0.004120573903416009
uC2,12669,4.05408e-05,40.540800000000004,0.010112916205302533
uC2,12775,4.088e-05,40.88,0.03203783234450365
uC2,12891,4.12512e-05,41.251200000000004,0.002166034170075835
uC2,13000,4.16e-05,41.6,0.005405791515613684
uC2,13108,4.19456e-05,41.9456,0.013910375724812084
uC2,13215,4.2288e-05,42.288,0.0586997207662334
uC2,13306,4.25792e-05,42.5792,0.0008745025873338306
uC2,13842,4.42944e-05,44.2944,0.0016395731317667278
uC2,13952,4.46464e-05,44.6464,0.0042088648401386285
uC2,14060,4.4992e-05,44.992,0.010354969738902835
uC2,14166,4.5331200000000004e-05,45.3312,0.03336358090247071
uC2,14280,4.5696000000000004e-05,45.696000000000005,0.0019396804977991331
uC2,14390,4.6048000000000004e-05,46.048,0.004880477185539713
uC2,14497,4.63904e-05,46.3904,0.012287532380814486
uC2,14603,4.67296e-05,46.7296,0.04574147655326823
uC2,14704,4.7052800000000005e-05,47.052800000000005,0.0011014253549394997
uC2,14817,4.7414400000000005e-05,47.41440000000001,0.0030679926537889018
uC2,15030,4.8096e-05,48.096000000000004,0.01983642023172455
uC2,15138,4.84416e-05,48.4416,0.13755078085573647
uC2,15229,4.87328e-05,48.732800000000005,0.0018404814162828193
uC2,15339,4.90848e-05,49.0848,0.0046541898099807365
uC2,15447,4.94304e-05,49.4304,0.011616511120660483
uC2,15553,4.97696e-05,49.7696,0.04105813559364098
uC2,15658,5.0105600000000004e-05,50.1056,0.001281377434461005
uC2,15770,5.0464e-05,50.464000000000006,0.0034393136467373514
uC2,15877,5.08064e-05,50.806400000000004,0.008326403318971592
uC2,15983,5.11456e-05,51.1456,0.023485573341170286
uC2,16100,5.152e-05,51.52,0.13522760434865821
uC2,16183,5.17856e-05,51.7856,0.0012159223812246679
uC2,16295,5.2144e-05,52.144,0.0033037589307286265
uC2,16404,5.24928e-05,52.4928,0.007986666026546338
uC2,16509,5.2828800000000005e-05,52.82880000000001,0.022077536488266356
uC2,16622,5.3190400000000005e-05,53.190400000000004,0.16374032383659942
uC2,16709,5.34688e-05,53.4688,0.0017502477960289627
uC2,16818,5.3817600000000005e-05,53.817600000000006,0.004452009239674433
uC2,16926,5.4163200000000003e-05,54.1632,0.011036409830307944
uC2,17032,5.45024e-05,54.5024,0.03734879006566404
uC2,17141,5.48512e-05,54.8512,0.0015091118129584285
uC2,17252,5.52064e-05,55.2064,0.00392407743052246
uC2,17360,5.5552e-05,55.552,0.00958405140823495
uC2,17465,5.5888000000000004e-05,55.888000000000005,0.029285057050030656
uC2,17585,5.6272e-05,56.272,0.0030125737968282602
uC2,17694,5.6620800000000005e-05,56.6208,0.007481339031325411
uC2,17802,5.6966400000000004e-05,56.96640000000001,0.021460504457002597
uC2,17917,5.7334400000000005e-05,57.3344,0.002689701847072162
uC2,18027,5.7686400000000004e-05,57.686400000000006,0.0066658629232022315
uC2,18134,5.80288e-05,58.028800000000004,0.018266350436698806
uC2,18246,5.83872e-05,58.3872,0.07073361398678983
uC2,18295,5.8544e-05,58.544000000000004,-0.007035312449141638
uC2,18895,6.0464e-05,60.464000000000006,0.004993547805033777
uC2,19004,6.08128e-05,60.8128,0.01315743311888841
uC2,19115,6.116800000000001e-05,61.168000000000006,0.03294702298729571
uC2,19171,6.134720000000001e-05,61.34720000000001,-0.018052217402948666
uC2,19843,6.349760000000001e-05,63.497600000000006,0.0030222855891070496
uC2,19953,6.38496e-05,63.84960000000001,0.007505946540229051
uC2,20060,6.4192e-05,64.192,0.021554144110529354
uC2,20175,6.456e-05,64.56,0.002639164716766335
uC2,20285,6.4912e-05,64.912,0.006541088603223331
uC2,20392,6.52544e-05,65.25439999999999,0.017799737404385535
uC2,20503,6.56096e-05,65.6096,0.07762146553611488
uC2,20552,6.576640000000001e-05,65.7664,-0.003443733295420033
uC2,21141,6.765120000000001e-05,67.6512,0.0026196806930847997
uC2,21251,6.80032e-05,68.0032,0.006491354079386193
uC2,21358,6.83456e-05,68.3456,0.017618471698362535
uC2,21469,6.87008e-05,68.7008,0.07946056172430535
uC2,21518,6.88576e-05,68.85759999999999,-0.0021069076706841257
uC2,22104,7.07328e-05,70.7328,0.002319148031611846
uC2,22214,7.10848e-05,71.0848,0.005764467916520995
uC2,22321,7.14272e-05,71.4272,0.015081186958498246
uC2,22429,7.17728e-05,71.7728,0.06898643473026612
uC2,22513,7.20416e-05,72.0416,0.0007976459163960353
uC2,23056,7.37792e-05,73.7792,0.0016844245790477205
uC2,23166,7.41312e-05,74.13119999999999,0.004309591365681235
uC2,23274,7.44768e-05,74.4768,0.010636159828551435
uC2,23380,7.4816e-05,74.816,0.03496430608259527
uC2,23492,7.51744e-05,75.17439999999999,0.0017296065307471859
uC2,23602,7.552640000000001e-05,75.52640000000001,0.004407436532188559
uC2,23710,7.587200000000001e-05,75.87200000000001,0.010910029629865536
uC2,23816,7.62112e-05,76.2112,0.03660075959528532
uC2,23925,7.656e-05,76.56,0.001564788753628853
uC2,24036,7.69152e-05,76.9152,0.004045335551521812
uC2,24144,7.72608e-05,77.2608,0.009908617878467307
uC2,24249,7.759680000000001e-05,77.59680000000002,0.030954735497387767
uC2,24367,7.79744e-05,77.9744,0.0024193863816526916
uC2,24476,7.83232e-05,78.3232,0.006005074153499275
uC2,24584,7.86688e-05,78.6688,0.0158973031879123
uC2,24692,7.90144e-05,79.0144,0.07564405271170818
uC2,24773,7.92736e-05,79.2736,0.0007523521007873111
uC2,25319,8.102080000000001e-05,81.02080000000001,0.0017428698362844392
uC2,25429,8.137280000000001e-05,81.37280000000001,0.004438287377979834
uC2,25537,8.171840000000001e-05,81.7184,0.010994428502295156
uC2,25643,8.20576e-05,82.05760000000001,0.037105955501731125
uC2,25752,8.24064e-05,82.40639999999999,0.0015254666469773615
uC2,25863,8.27616e-05,82.7616,0.0039593396301625255
uC2,25971,8.31072e-05,83.1072,0.009677459655156963
uC2,26076,8.344320000000001e-05,83.4432,0.029763836687091795
uC2,26196,8.382720000000001e-05,83.8272,0.00280703014683155
uC2,26305,8.4176e-05,84.176,0.006957679180047508
uC2,26412,8.451840000000001e-05,84.51840000000001,0.01937542976944546
uC2,26531,8.48992e-05,84.89920000000001,0.014580539967142524
uC2,26597,8.51104e-05,85.1104,-0.0011656972168333918
uC2,27180,8.6976e-05,86.976,0.002088289237018548
uC2,27290,8.7328e-05,87.328,0.005222471458572429
uC2,27397,8.767040000000001e-05,87.6704,0.013330536872171861
uC2,27504,8.80128e-05,88.0128,0.0538014445327942
uC2,27598,8.831360000000001e-05,88.31360000000001,0.000934815959182857
uC2,28131,9.001920000000001e-05,90.01920000000001,0.0016496259309009959
uC2,28241,9.03712e-05,90.3712,0.00423085968302225
uC2,28349,9.07168e-05,90.7168,0.010415263927970151
uC2,28454,9.10528e-05,91.05279999999999,0.03370267742201971
uC2,28568,9.14176e-05,91.4176,0.0018906099143319863
uC2,28678,9.176960000000001e-05,91.76960000000001,0.00476991370080587
uC2,28785,9.2112e-05,92.112,0.011959254276661545
uC2,28892,9.245440000000001e-05,92.4544,0.043401937562658366
uC2,28994,9.27808e-05,92.7808,0.0011783919009575581
uC2,29106,9.31392e-05,93.1392,0.003225112098094974
uC2,29215,9.3488e-05,93.488,0.007793923117962941
uC2,29320,9.3824e-05,93.824,0.0213106437997229
uC2,29431,9.417920000000001e-05,94.17920000000001,0.1608712243130693
uC2,29519,9.44608e-05,94.4608,0.0018566391441359794
uC2,29628,9.480960000000001e-05,94.8096,0.004692516219643832
uC2,29736,9.51552e-05,95.15520000000001,0.011725624177301204
uC2,29842,9.54944e-05,95.4944,0.04178970738172063
uC2,29947,9.583040000000001e-05,95.83040000000001,0.0012481491297353976
uC2,30058,9.61856e-05,96.18560000000001,0.0033685067572894853
uC2,30166,9.65312e-05,96.5312,0.00814949332705564
uC2,30272,9.68704e-05,96.8704,0.022750535765879064
uC2,30387,9.723840000000001e-05,97.23840000000001,0.15528056894761327
uC2,30471,9.75072e-05,97.5072,0.0015366716989955805
uC2,30582,9.786240000000001e-05,97.86240000000001,0.003981877939808975
uC2,30690,9.8208e-05,98.20800000000001,0.00973886578756441
uC2,30796,9.85472e-05,98.5472,0.030062181842278768
uC2,30915,9.8928e-05,98.928,0.0027082099323297417
uC2,31024,9.92768e-05,99.27680000000001,0.006709875914951573
uC2,31132,9.96224e-05,99.6224,0.0184326214275897
uC2,31244,9.99808e-05,99.9808,0.06736901524118181
uC2,31293,0.00010013760000000001,100.1376,-0.008206534686367216
uC2,31897,0.0001020704,102.0704,0.014429745092974634
uC2,31962,0.0001022784,102.2784,-0.0008375342170549866
uC2,32544,0.0001041408,104.1408,0.0019684233347073373
uC2,32654,0.0001044928,104.4928,0.00494694353123488
uC2,32762,0.0001048384,104.83840000000001,0.012485408985495603
uC2,32868,0.0001051776,105.1776,0.04718343641933084
uC2,32967,0.0001054944,105.4944,0.0010635226894104705
uC2,33080,0.000105856,105.856,0.0029902913804909894
uC2,33400,0.00010688,106.88000000000001,0.12437977407408951
uC2,33494,0.0001071808,107.1808,0.00178730776084311
uC2,33603,0.00010752960000000001,107.5296,0.0045354460097944875
uC2,33711,0.00010787520000000001,107.8752,0.011272578460997062
uC2,33817,0.0001082144,108.21440000000001,0.038827210098109695
uC2,33924,0.00010855680000000001,108.55680000000001,0.0014042654755975334
uC2,34035,0.000108912,108.912,0.003698851927656119
uC2,34143,0.0001092576,109.2576,0.008991521592275314
uC2,34249,0.0001095968,109.5968,0.026432151003563092
uC2,34375,0.00011,110.0,0.00766481404460063
uC2,34483,0.0001103456,110.3456,0.022035073379759306
uC2,34545,0.000110544,110.54400000000001,-0.009006808173835971
uC2,35145,0.000112464,112.464,0.16748990750139797
uC2,35228,0.0001127296,112.7296,0.0015510194961301771
uC2,35338,0.0001130816,113.0816,0.0040154547481232065
uC2,35446,0.00011342720000000001,113.42720000000001,0.009825401981021654
uC2,35552,0.00011376640000000001,113.7664,0.03051245476085561
uC2,35670,0.00011414400000000001,114.144,0.0025591717526557774
uC2,35779,0.0001144928,114.4928,0.006343637477559117
uC2,35887,0.0001148384,114.83840000000001,0.017083887698537515
uC2,35997,0.0001151904,115.1904,0.0809400281675724
uC2,36046,0.0001153472,115.3472,-0.0005433388463440257
uC2,36628,0.00011720960000000001,117.20960000000001,0.0019709599679624272
uC2,36737,0.0001175584,117.5584,0.00495274692211408
uC2,36845,0.000117904,117.904,0.012503551645512206
uC2,36951,0.0001182432,118.2432,0.04732494943773348
uC2,37051,0.00011856320000000001,118.56320000000001,0.0010598838352930083
uC2,37163,0.00011892160000000001,118.92160000000001,0.002983868098832416
uC2,37483,0.0001199456,119.9456,0.1231371371574725
uC2,37576,0.00012024320000000001,120.2432,0.0017808169603786039
uC2,37687,0.0001205984,120.5984,0.004523138520624221
uC2,37795,0.000120944,120.944,0.01123883404433591
uC2,37900,0.00012128,121.28,0.03861082558826404
uC2,38008,0.0001216256,121.6256,0.0014184940191020671
uC2,38119,0.00012198080000000001,121.98080000000002,0.003730410677031282
uC2,38227,0.0001223264,122.32639999999999,0.009070253916980995
uC2,38332,0.0001226624,122.6624,0.0268023443452743
uC2,38458,0.00012306560000000002,123.06560000000002,0.005800101075025536
uC2,38566,0.00012341120000000002,123.41120000000002,0.01580468850608378
uC2,38676,0.0001237632,123.7632,0.0016833068361617532
uC2,38786,0.00012411520000000001,124.11520000000002,0.0043050956427739435
uC2,38895,0.000124464,124.464,0.010626012695466352
uC2,39000,0.0001248,124.8,0.034926892839174
uC2,39112,0.0001251584,125.1584,0.0017196072604149211
uC2,39222,0.0001255104,125.5104,0.0043855044117827174
uC2,39330,0.000125856,125.85600000000001,0.01084935968314298
uC2,39436,0.0001261952,126.1952,0.03623268164836915
uC2,39546,0.0001265472,126.5472,0.001596977881764959
uC2,39656,0.0001268992,126.8992,0.004116122441599236
uC2,39764,0.0001272448,127.2448,0.01010092764169858
uC2,39870,0.000127584,127.584,0.03197835579909891
uC2,39986,0.0001279552,127.9552,0.0021790920691451146
uC2,40095,0.000128304,128.304,0.005433472715054871
uC2,40203,0.0001286496,128.64960000000002,0.014000121022004207
uC2,40310,0.000128992,128.992,0.05947890088154752
uC2,40400,0.00012928,129.28,0.0008668505968258814
uC2,40937,0.0001309984,130.9984,0.0016419480037580233
uC2,41047,0.0001313504,131.3504,0.004212439663574132
uC2,41155,0.000131696,131.696,0.010364495192815598
uC2,41261,0.0001320352,132.0352,0.03341927289945562
uC2,41375,0.0001324,132.4,0.0019307298664424947
uC2,41484,0.0001327488,132.7488,0.004861264968875976
uC2,41592,0.0001330944,133.0944,0.012229349189140289
uC2,41698,0.0001334336,133.4336,0.04532064036341846
uC2,41799,0.0001337568,133.75680000000003,0.0011132146381394711
uC2,41912,0.0001341184,134.11839999999998,0.0030932791125270003
uC2,42126,0.0001348032,134.8032,0.02006404847989321
uC2,42233,0.0001351456,135.1456,0.14188380280605292
uC2,42324,0.0001354368,135.4368,0.001854324117732009
uC2,42434,0.0001357888,135.7888,0.004686749090361729
uC2,42542,0.0001361344,136.1344,0.01171201621564429
uC2,42648,0.0001364736,136.4736,0.04169894286679214
uC2,42753,0.0001368096,136.80960000000002,0.001251806098122337
uC2,42863,0.0001371616,137.1616,0.0033782038848245767
uC2,42972,0.0001375104,137.5104,0.008170775034242165
uC2,43077,0.0001378464,137.84640000000002,0.022839150855782312
uC2,43193,0.0001382176,138.2176,0.1535270043844653
uC2,43278,0.0001384896,138.4896,0.0015035548050032887
uC2,43388,0.0001388416,138.8416,0.00391202960904491
uC2,43496,0.0001391872,139.1872,0.009549749698985338
uC2,43602,0.0001395264,139.5264,0.029105741448965744
uC2,43722,0.0001399104,139.9104,0.0031193950653468196
uC2,43831,0.00014025920000000001,140.25920000000002,0.0077546158155223305
uC2,43939,0.0001406048,140.6048,0.022604689487416195
uC2,44052,0.0001409664,140.9664,0.00203047094632312
uC2,44161,0.0001413152,141.3152,0.005089450327254286
uC2,44269,0.0001416608,141.6608,0.012921857248126372
uC2,44376,0.00014200320000000002,142.00320000000002,0.05054471929246928
uC2,44472,0.0001423104,142.31040000000002,0.0009851906574399728
uC2,44903,0.0001436896,143.6896,0.10073397760323403
uC2,45002,0.00014400640000000002,144.0064,0.0016874210274841898
uC2,45112,0.0001443584,144.35840000000002,0.004314105851347215
uC2,45220,0.000144704,144.704,0.010646200515393507
uC2,45326,0.00014504320000000001,145.0432,0.035025415071175334
uC2,45437,0.0001453984,145.3984,0.0017244004609183578
uC2,45547,0.0001457504,145.75039999999998,0.004396987831666156
uC2,45655,0.00014609600000000002,146.09600000000003,0.01088015202140511
uC2,45761,0.0001464352,146.4352,0.036414912673206255
uC2,45871,0.00014678720000000002,146.7872,0.0015807468064675649
uC2,45981,0.0001471392,147.1392,0.004080442817256098
uC2,46089,0.0001474848,147.4848,0.010002869339751811
uC2,46195,0.000147824,147.824,0.03145223532297746
uC2,46311,0.00014819520000000001,148.1952,0.0022947255176660095
uC2,46421,0.0001485472,148.5472,0.005706524302638873
uC2,46529,0.0001488928,148.8928,0.014889319100270864
uC2,46636,0.00014923520000000002,149.23520000000002,0.06729907930354655
uC2,46722,0.0001495104,149.5104,0.0008062690921261745
uC2,47264,0.0001512448,151.2448,0.0016760784038458323
uC2,47374,0.00015159680000000002,151.59680000000003,0.004291121639849484
uC2,47482,0.00015194240000000002,151.94240000000002,0.01058210429062816
uC2,47587,0.0001522784,152.2784,0.034650541376347516
uC2,47699,0.0001526368,152.6368,0.0017653787742472383
uC2,47809,0.0001529888,152.9888,0.004489017780018835
uC2,47917,0.0001533344,153.33440000000002,0.011141870490309663
uC2,48023,0.00015367360000000002,153.67360000000002,0.03801273480995164
uC2,48131,0.00015401920000000002,154.0192,0.0014540612290467345
uC2,48242,0.0001543744,154.3744,0.003806769922590639
uC2,48350,0.00015472,154.72,0.00927037417708127
uC2,48456,0.0001550592,155.0592,0.02774932015924703
uC2,48579,0.00015545280000000002,155.45280000000002,0.004102825982595259
uC2,48687,0.00015579840000000002,155.79840000000002,0.010458745543328275
uC2,48795,0.00015614400000000001,156.144,0.0356605059757291
uC2,48854,0.0001563328,156.3328,-0.00690754378006841
uC2,49452,0.00015824640000000002,158.24640000000002,0.004198050393583178
uC2,49561,0.0001585952,158.5952,0.010733798801207797
uC2,49669,0.0001589408,158.9408,0.03704823137460458
uC2,49727,0.0001591264,159.1264,-0.007049491234568257
uC2,50329,0.00016105280000000002,161.05280000000002,0.00808273830065215
uC2,50438,0.0001614016,161.4016,0.02296040707787577
uC2,50499,0.00016159680000000002,161.59680000000003,-0.012631163175937406
uC2,51167,0.00016373440000000002,163.73440000000002,0.012654678739745745
uC2,51271,0.00016406720000000001,164.0672,0.0010507799012703914
uC2,51384,0.0001644288,164.4288,0.0029646160025749253
uC2,51704,0.00016545280000000002,165.45280000000002,0.12036276614907115
uC2,51798,0.0001657536,165.7536,0.0017564579043415904
uC2,51908,0.0001661056,166.1056,0.004467117768255477
uC2,52016,0.0001664512,166.4512,0.011078539539423669
uC2,52122,0.0001667904,166.7904,0.037613568217315235
uC2,52231,0.0001671392,167.1392,0.0014884287218729717
uC2,52341,0.0001674912,167.49120000000002,0.0038791216356259964
uC2,52449,0.0001678368,167.8368,0.00946266389735797
uC2,52555,0.000168176,168.176,0.02868867867785337
uC2,52676,0.0001685632,168.5632,0.003335611297562252
uC2,52785,0.000168912,168.912,0.008325510673454049
uC2,52892,0.0001692544,169.2544,0.02511953379940406
uC2,53000,0.0001696,169.6,0.00132564166213457
uC2,53111,0.0001699552,169.9552,0.0035340451266671212
uC2,53219,0.0001703008,170.30079999999998,0.00856648481904573
uC2,53325,0.00017064,170.64000000000001,0.02452838653715699
uC2,53445,0.000171024,171.024,0.09036497697404737
uC2,53491,0.0001711712,171.1712,-0.0020875615038185363
uC2,54076,0.00017304320000000002,173.0432,0.0021301905230350173
uC2,54185,0.000173392,173.392,0.0053189618453104125
uC2,54293,0.0001737376,173.7376,0.013633942712529533
uC2,54400,0.00017408000000000001,174.08,0.056345274528702013
uC2,54493,0.00017437760000000002,174.37760000000003,0.0009017315659428215
uC2,55026,0.00017608320000000002,176.0832,0.0016391720859703102
uC2,55137,0.0001764384,176.4384,0.004207907423443568
uC2,55245,0.000176784,176.78400000000002,0.010350637993648189
uC2,55350,0.00017712,177.12,0.033345884341809774
uC2,55464,0.0001774848,177.4848,0.0019427625277379777
uC2,55574,0.0001778368,177.8368,0.004886848525179695
uC2,55682,0.0001781824,178.1824,0.012308657643776588
uC2,55788,0.0001785216,178.5216,0.045894670471998855
uC2,55889,0.0001788448,178.8448,0.0010960867780647014
uC2,56001,0.0001792032,179.2032,0.003058924016533827
uC2,56322,0.0001802304,180.2304,0.13589573338299438
uC2,56414,0.0001805248,180.5248,0.0018338263521213553
uC2,56523,0.0001808736,180.8736,0.004640606923071943
uC2,56631,0.0001812192,181.2192,0.011577725485763968
uC2,56737,0.0001815584,181.5584,0.04079882054581268
uC2,56843,0.0001818976,181.8976,0.0012945683660388488
uC2,56954,0.00018225280000000002,182.2528,0.0034657337194558386
uC2,57062,0.00018259840000000002,182.59840000000003,0.008393586444684185
uC2,57168,0.0001829376,182.9376,0.023773878327460647
uC2,57286,0.00018331520000000002,183.3152,0.1246007940931327
uC2,57369,0.0001835808,183.5808,0.001070108127680388
uC2,57481,0.0001839392,183.9392,0.0030050678870379307
uC2,57801,0.0001849632,184.9632,0.1266362727058655
uC2,57894,0.0001852608,185.2608,0.00180055471253838
uC2,58004,0.0001856128,185.61280000000002,0.004565225796963949
uC2,58112,0.0001859584,185.9584,0.011359402044769647
uC2,58218,0.0001862976,186.2976,0.039380649207876754
uC2,58324,0.0001866368,186.63680000000002,0.001371029889812397
uC2,58436,0.0001869952,186.9952,0.003627903450119457
uC2,58544,0.0001873408,187.3408,0.008805928759313542
uC2,58649,0.0001876768,187.67680000000001,0.025585507435876297
uC2,58774,0.0001880768,188.0768,0.022904524267870124
uC2,58835,0.00018827200000000002,188.27200000000002,-0.013915302910156932
uC2,59503,0.00019040960000000001,190.4096,0.00395220957696822
uC2,59612,0.00019075840000000002,190.75840000000002,0.010027967068352987
uC2,59720,0.00019110400000000002,191.104,0.033447649160305355
uC2,59780,0.000191296,191.296,-0.003654443181355637
uC2,60369,0.00019318080000000002,193.1808,0.002635778848912683
uC2,60479,0.0001935328,193.5328,0.006531328861191965
uC2,60587,0.0001938784,193.8784,0.01776382024008803
uC2,60697,0.00019423040000000002,194.2304,0.07835725174600051
uC2,60746,0.0001943872,194.3872,-0.0032595411099399017
uC2,61335,0.000196272,196.272,0.002505024515724673
uC2,61444,0.0001966208,196.6208,0.006212647539857597
uC2,61552,0.0001969664,196.9664,0.016619116153709687
uC2,61661,0.0001973152,197.3152,0.07995237287847663
uC2,61710,0.000197472,197.472,0.0002476490715791421
uC2,62289,0.00019932480000000002,199.3248,0.0018341232298081176
uC2,62399,0.0001996768,199.67680000000001,0.004642648412027648
uC2,62507,0.0002000224,200.0224,0.011583803088409804
uC2,62613,0.00020036160000000002,200.3616,0.040852968861232054
uC2,62718,0.0002006976,200.6976,0.001289379351587027
uC2,62830,0.000201056,201.05599999999998,0.0034553673870421297
uC2,62938,0.00020140160000000002,201.40160000000003,0.008366887670016667
uC2,63043,0.0002017376,201.7376,0.02366174737758748
uC2,63161,0.0002021152,202.11520000000002,0.12887315375796757
uC2,63243,0.00020237760000000002,202.37760000000003,0.0011286545479967391
uC2,63356,0.0002027392,202.7392,0.003123120967173933
uC2,63464,0.0002030848,203.0848,0.007542071286126842
uC2,63570,0.000203424,203.424,0.020332035081032315
uC2,63678,0.0002037696,203.7696,0.14692540906554946
uC2,63768,0.00020405760000000002,204.0576,0.0018730347350300962
uC2,63878,0.0002044096,204.4096,0.004729296602327861
uC2,63986,0.0002047552,204.7552,0.011836094798389209
uC2,64092,0.0002050944,205.0944,0.042540053729740596
uC2,64196,0.0002054272,205.4272,0.0012155689443574579
uC2,64307,0.0002057824,205.7824,0.0033030894010731616
uC2,64416,0.0002061312,206.1312,0.00798426243288738
uC2,64521,0.00020646720000000001,206.46720000000002,0.022076953395479004
uC2,64634,0.0002068288,206.8288,0.16323118637390666
uC2,64720,0.000207104,207.104,0.0017395788871584553
uC2,64830,0.00020745600000000001,207.45600000000002,0.0044311027405016575
uC2,64938,0.0002078016,207.8016,0.010974929091791492
uC2,65044,0.0002081408,208.14079999999998,0.036976558416399255
uC2,65153,0.0002084896,208.4896,0.0015391217229799327
uC2,65264,0.0002088448,208.8448,0.003988474596790289
uC2,65372,0.0002091904,209.19039999999998,0.009755211027452634
uC2,65478,0.0002095296,209.52960000000002,0.03016154075577804
uC2,65596,0.0002099072,209.9072,0.0026609993400505336
uC2,65705,0.000210256,210.256,0.0065940258195057505
uC2,65813,0.0002106016,210.6016,0.017994267204954537
uC2,65924,0.00021095680000000002,210.95680000000002,0.07561051962616917
uC2,65973,0.0002111136,211.11360000000002,-0.004622452506319721
uC2,66566,0.0002130112,213.0112,0.0030380860944159227
uC2,66675,0.00021336,213.36,0.007544823663721039
uC2,66782,0.0002137024,213.70239999999998,0.021723615092776715
uC2,66897,0.00021407040000000002,214.0704,0.0025082293964148084
uC2,67006,0.0002144192,214.4192,0.0062206300633133975
uC2,67114,0.00021476480000000002,214.7648,0.016646382808717143
uC2,67223,0.0002151136,215.1136,0.07992212983953183
uC2,67273,0.0002152736,215.2736,0.00020426101197920754
uC2,67852,0.0002171264,217.1264,0.0018509078584557394
uC2,67962,0.0002174784,217.47840000000002,0.00468054032775282
uC2,68070,0.000217824,217.824,0.011692498666623273
uC2,68176,0.00021816320000000002,218.16320000000002,0.04157416645884054
uC2,68281,0.0002184992,218.4992,0.0012549005526433493
uC2,68392,0.00021885440000000002,218.85440000000003,0.0033837043430377397
uC2,68500,0.00021920000000000002,219.20000000000002,0.008187144651962712
uC2,68606,0.0002195392,219.5392,0.022906282045119387
uC2,68721,0.00021990720000000002,219.90720000000002,0.15203406622862828
uC2,68806,0.00022017920000000002,220.1792,0.0014760500168051179
uC2,68916,0.0002205312,220.5312,0.0038537941131921113
uC2,69025,0.00022088,220.88000000000002,0.009393755420862555
uC2,69130,0.00022121600000000002,221.216,0.02833761456858487
uC2,69252,0.0002216064,221.6064,0.003596911218821549
uC2,69361,0.0002219552,221.95520000000002,0.009032362626017101
uC2,69469,0.0002223008,222.3008,0.02844161558550506
uC2,69567,0.00022261440000000002,222.61440000000002,0.0008828583307637641
uC2,70103,0.00022432960000000001,224.32960000000003,0.0016349275855190044
uC2,70213,0.0002246816,224.6816,0.004198053659917955
uC2,70321,0.0002250272,225.0272,0.010327571490655517
uC2,70427,0.0002253664,225.3664,0.03321015861693352
uC2,70541,0.0002257312,225.7312,0.0019632774430354476
uC2,70651,0.0002260832,226.0832,0.004935318082459293
uC2,70759,0.0002264288,226.42880000000002,0.012451204585266839
uC2,70865,0.00022676800000000002,226.76800000000003,0.04693436317684459
uC2,70965,0.00022708800000000002,227.08800000000002,0.0010679060855960931
uC2,71077,0.00022744640000000002,227.4464,0.0030007563229441413
uC2,71397,0.00022847040000000001,228.4704,0.12599272470738568
uC2,71490,0.00022876800000000002,228.76800000000003,0.001793375300661052
uC2,71600,0.00022912,229.12,0.004549743170504521
uC2,71708,0.0002294656,229.4656,0.011317153885598058
uC2,71814,0.0002298048,229.8048,0.03910977549726218
uC2,71921,0.0002301472,230.1472,0.0013870957107340637
uC2,72032,0.0002305024,230.5024,0.0036624346566935897
uC2,72140,0.000230848,230.84799999999998,0.00889484658384073
uC2,72246,0.0002311872,231.18720000000002,0.02598979319936058
uC2,72372,0.0002315904,231.5904,0.012373932112870007
uC2,72478,0.0002319296,231.92960000000002,0.0011267018863598047
uC2,72589,0.0002322848,232.2848,0.003117347195422968
uC2,72698,0.0002326336,232.6336,0.007532502610224252
uC2,72803,0.0002329696,232.9696,0.020315543165750998
uC2,72912,0.00023331840000000002,233.31840000000003,0.146198224843708
uC2,73001,0.00023360320000000002,233.60320000000002,0.0018493380056631395
uC2,73112,0.0002339584,233.9584,0.004676001398655032
uC2,73219,0.0002343008,234.3008,0.011678628420819587
uC2,73325,0.00023464000000000002,234.64000000000001,0.04147562359992292
uC2,73430,0.00023497600000000002,234.97600000000003,0.0012620748503433977
uC2,73541,0.00023533120000000001,235.33120000000002,0.0033990513429529314
uC2,73650,0.00023568000000000002,235.68,0.00822423044651708
uC2,73755,0.000236016,236.016,0.023058118134498384
uC2,73871,0.0002363872,236.3872,0.14829357473947447
uC2,73956,0.0002366592,236.6592,0.0014135989219712715
uC2,74067,0.00023701440000000002,237.01440000000002,0.0037187982316395606
uC2,74175,0.00023736000000000002,237.36,0.009039366247927394
uC2,74280,0.000237696,237.696,0.026645737850536966
uC2,74406,0.0002380992,238.09920000000002,0.006497433363245137
uC2,74514,0.0002384448,238.44480000000001,0.01820376261835797
uC2,74614,0.0002387648,238.7648,0.0008519494169586469
uC2,75151,0.0002404832,240.4832,0.0016381475450112542
uC2,75262,0.0002408384,240.8384,0.0042085825811252085
uC2,75370,0.000241184,241.184,0.010350771333807593
uC2,75475,0.00024152,241.52,0.033340972985718795
uC2,75589,0.00024188480000000002,241.8848,0.0019432557383829198
uC2,75699,0.0002422368,242.23680000000002,0.004887872903225367
uC2,75807,0.0002425824,242.5824,0.012310733851928343
uC2,75913,0.00024292160000000002,242.9216,0.045907292667123685
uC2,76014,0.00024324480000000002,243.24480000000003,0.0010966939623420955
uC2,76126,0.00024360320000000002,243.60320000000002,0.003057634187455491
uC2,76447,0.0002446304,244.6304,0.13575832938296667
uC2,76539,0.0002449248,244.92479999999998,0.0018332017975987095
uC2,76648,0.0002452736,245.2736,0.004639367700591445
uC2,76756,0.0002456192,245.6192,0.011573355797688789
uC2,76862,0.00024595840000000003,245.95840000000004,0.04077250165238623
uC2,76968,0.0002462976,246.29760000000002,0.001295442032307383
uC2,77079,0.0002466528,246.65279999999998,0.003468532976681834
uC2,77187,0.0002469984,246.99839999999998,0.00839995153835511
uC2,77293,0.0002473376,247.3376,0.023802896657802126
uC2,77411,0.0002477152,247.71519999999998,0.12347998555500708
uC2,77493,0.0002479776,247.97760000000002,0.0010553486215247084
uC2,77925,0.00024936,249.36,0.12160642281787133
uC2,78020,0.00024966400000000003,249.66400000000002,0.0017777532700685105
uC2,78129,0.00025001280000000003,250.01280000000003,0.004516960273343718
uC2,78237,0.00025035840000000003,250.35840000000005,0.011218687942261768
uC2,78343,0.0002506976,250.69760000000002,0.03848721882892365
uC2,78451,0.0002510432,251.0432,0.0014267433571058937
uC2,78562,0.00025139840000000004,251.39840000000004,0.0037468583199134226
uC2,78670,0.00025174400000000003,251.74400000000003,0.009115101745013112
uC2,78776,0.0002520832,252.08320000000003,0.027011833240007624
uC2,78900,0.00025248,252.48000000000002,0.005245557242713453
uC2,79009,0.00025282880000000003,252.82880000000003,0.013968333439429128
uC2,79124,0.0002531968,253.19680000000002,0.004369155490448393
uC2,79233,0.00025354560000000003,253.54560000000004,0.011242148304906066
uC2,79341,0.0002538912,253.89120000000003,0.03941450716763601
uC2,79398,0.0002540736,254.0736,-0.008400109289222865
uC2,79997,0.0002559904,255.99040000000002,0.14086707788389857
uC2,80081,0.0002562592,256.2592,0.001222580938625848
uC2,80192,0.00025661440000000003,256.61440000000005,0.0033165753930312894
uC2,80300,0.00025696000000000003,256.96000000000004,0.008016985013487871
uC2,80405,0.000257296,257.296,0.022203697875582993
uC2,80519,0.0002576608,257.6608,0.1630545952523283
uC2,80604,0.0002579328,257.9328,0.001719530087584764
uC2,80715,0.000258288,258.288,0.004385928862948072
uC2,80823,0.0002586336,258.6336,0.010847959338374144
uC2,80928,0.0002589696,258.9696,0.03621196391844311
uC2,81039,0.0002593248,259.32480000000004,0.001605534699611168
uC2,81149,0.00025967680000000003,259.6768,0.004134447668319992
uC2,81257,0.0002600224,260.0224,0.010150378823614123
uC2,81363,0.0002603616,260.3616,0.03224618571602822
uC2,81478,0.0002607296,260.7296,0.002125919303626925
uC2,81587,0.0002610784,261.0784,0.005309857540342657
uC2,81695,0.000261424,261.42400000000004,0.013606474474226644
uC2,81802,0.0002617664,261.7664,0.05610002882775731
uC2,81894,0.0002620608,262.0608,0.0009029120003818186
uC2,82429,0.0002637728,263.7728,0.0016396541358980757
uC2,82539,0.0002641248,264.12480000000005,0.004208370516370092
uC2,82647,0.0002644704,264.47040000000004,0.010352942169965556
uC2,82753,0.0002648096,264.8096,0.03335406239504063
uC2,82867,0.0002651744,265.1744,0.0019413227598779185
uC2,82977,0.0002655264,265.5264,0.004885179940193947
uC2,83084,0.0002658688,265.8688,0.012300235557973539
uC2,83190,0.000266208,266.20799999999997,0.04583323271440236
uC2,83291,0.0002665312,266.5312,0.0010989617292810987
uC2,83404,0.0002668928,266.8928,0.0030625804741336916
uC2,83617,0.0002675744,267.5744,0.019786586048715107
uC2,83724,0.0002679168,267.91679999999997,0.13660431060395922
uC2,83815,0.00026820800000000003,268.208,0.0018365535325205247
uC2,83926,0.0002685632,268.5632,0.004646086373927243
uC2,84034,0.0002689088,268.9088,0.011592699891645845
uC2,84140,0.00026924800000000004,269.24800000000005,0.04090447485128397
uC2,84245,0.000269584,269.584,0.0012892423787608173
uC2,84357,0.0002699424,269.94239999999996,0.003454749899065974
uC2,84465,0.000270288,270.288,0.00836496473299421
uC2,84570,0.000270624,270.624,0.023654689216633308
uC2,84688,0.00027100160000000003,271.00160000000005,0.12911948685486493
uC2,84770,0.000271264,271.264,0.001131729067235117
uC2,84883,0.0002716256,271.62559999999996,0.0031305139669574765
uC2,84991,0.0002719712,271.9712,0.007559266110691427
uC2,85097,0.00027231040000000003,272.3104,0.02039798020047503
uC2,85205,0.000272656,272.656,0.14809928286293497
uC2,85295,0.000272944,272.944,0.0018753834594819987
uC2,85405,0.000273296,273.296,0.004736081797669761
uC2,85513,0.0002736416,273.64160000000004,0.01185313007380062
uC2,85619,0.0002739808,273.9808,0.04266110701139778
uC2,85723,0.00027431360000000003,274.3136,0.0012110459976534646
uC2,85834,0.0002746688,274.6688,0.003292703557994652
uC2,85942,0.0002750144,275.01439999999997,0.00795955193322472
uC2,86048,0.00027535360000000003,275.35360000000003,0.021972278105419324
uC2,86161,0.0002757152,275.71520000000004,0.16353170674725542
uC2,86246,0.0002759872,275.98720000000003,0.001762697396700586
uC2,86357,0.00027634240000000003,276.34240000000005,0.004482197755888692
uC2,86465,0.00027668800000000003,276.68800000000005,0.011120485433081511
uC2,86571,0.0002770272,277.0272,0.03787172661956643
uC2,86679,0.0002773728,277.37280000000004,0.0014690075186473174
uC2,86790,0.00027772800000000004,277.728,0.0038396245676139288
uC2,86898,0.00027807360000000003,278.07360000000006,0.009359336641459113
uC2,87003,0.0002784096,278.4096,0.02817982422113764
uC2,87126,0.0002788032,278.8032,0.0036982015484036236
uC2,87234,0.0002791488,279.1488,0.009311005352572902
uC2,87342,0.0002794944,279.4944,0.02980576752466085
uC2,87435,0.000279792,279.79200000000003,0.0007592148097960589
uC2,87981,0.0002815392,281.5392,0.0017283308101264504
uC2,88091,0.0002818912,281.8912,0.004405850234740156
uC2,88199,0.0002822368,282.2368,0.010903470035424738
uC2,88305,0.000282576,282.57599999999996,0.03654939297637452
uC2,88415,0.000282928,282.928,0.0015720820980064088
uC2,88525,0.00028328,283.28000000000003,0.004061333299193192
uC2,88633,0.0002836256,283.6256,0.009950738546473747
uC2,88739,0.0002839648,283.96479999999997,0.031176689925034418
uC2,88855,0.000284336,284.336,0.002361194723324938
uC2,88965,0.000284688,284.688,0.005866201341137723
uC2,89073,0.0002850336,285.03360000000004,0.01542348760882065
uC2,89181,0.0002853792,285.3792,0.07192629089223163
uC2,89264,0.0002856448,285.6448,0.0007777744992225428
uC2,89808,0.0002873856,287.3856,0.001707592205775474
uC2,89918,0.00028773760000000003,287.73760000000004,0.004360145365970139
uC2,90026,0.0002880832,288.08320000000003,0.010772897476142483
uC2,90132,0.0002884224,288.42240000000004,0.03577238669182145
uC2,90243,0.00028877760000000003,288.7776,0.0016446858556166705
uC2,90353,0.0002891296,289.1296,0.004219541044137416
uC2,90461,0.0002894752,289.4752,0.010384175249274548
uC2,90566,0.0002898112,289.81120000000004,0.0335353021802219
uC2,90680,0.000290176,290.176,0.001909117532460712
uC2,90790,0.000290528,290.528,0.00481172033931761
uC2,90898,0.0002908736,290.8736,0.012080921878597366
uC2,91004,0.0002912128,291.2128,0.04425292748078831
uC2,91106,0.0002915392,291.5392,0.0011485244872925205
uC2,91218,0.0002918976,291.8976,0.0031631243104894803
uC2,91326,0.0002922432,292.2432,0.007641381956486378
uC2,91432,0.0002925824,292.5824,0.02071814542691944
uC2,91541,0.00029293120000000003,292.93120000000005,0.15330242117391732
uC2,91630,0.000293216,293.216,0.0018767936195120307
uC2,91739,0.0002935648,293.5648,0.0047383637302882585
uC2,91848,0.0002939136,293.91360000000003,0.011861992952084552
uC2,91953,0.0002942496,294.2496,0.04271674822481799
uC2,92057,0.0002945824,294.5824,0.0012083554843967516
uC2,92169,0.0002949408,294.94079999999997,0.003288361689511004
uC2,92277,0.0002952864,295.2864,0.007948232249126988
uC2,92383,0.00029562560000000003,295.6256,0.02193321759208802
uC2,92495,0.000295984,295.984,0.1636154218344388
uC2,92581,0.0002962592,296.2592,0.0017714509095147052
uC2,92691,0.0002966112,296.6112,0.004501098297814001
uC2,92799,0.0002969568,296.95680000000004,0.011174251978392738
uC2,92905,0.000297296,297.296,0.03819956538911299
uC2,93013,0.0002976416,297.6416,0.0014457686756617978
uC2,93124,0.0002979968,297.9968,0.0037900963085879605
uC2,93232,0.0002983424,298.3424,0.00922763256575764
uC2,93338,0.0002986816,298.6816,0.027545170826830938
uC2,93461,0.0002990752,299.0752,0.004344750673231269
uC2,93570,0.000299424,299.42400000000004,0.01116750183850593
uC2,93678,0.0002997696,299.7696,0.039114622351018355
uC2,93735,0.00029995200000000003,299.95200000000006,-0.008970319149393514
uC2,94335,0.000301872,301.872,0.10495745042916199
uC2,94411,0.0003021152,302.1152,0.0007867618040975422
uC2,94955,0.000303856,303.85600000000005,0.0016981378952394682
uC2,95065,0.000304208,304.20799999999997,0.004339325315454132
uC2,95173,0.00030455360000000004,304.5536,0.010717088682071989
uC2,95279,0.0003048928,304.8928,0.03544058420556849
uC2,95390,0.000305248,305.248,0.0016776758710056563
uC2,95500,0.0003056,305.6,0.004292999632874377
uC2,95608,0.0003059456,305.9456,0.010588899927067956
uC2,95714,0.0003062848,306.28479999999996,0.0346988490912118
uC2,95826,0.0003066432,306.64320000000004,0.0017562604631569125
uC2,95936,0.0003069952,306.9952,0.004467712643131009
uC2,96044,0.0003073408,307.3408,0.011080590870625191
uC2,96150,0.00030768,307.68,0.03763521736108267
uC2,96258,0.0003080256,308.0256,0.001480754641255882
uC2,96369,0.00030838080000000003,308.3808,0.0038656932684113634
uC2,96477,0.0003087264,308.7264,0.00942617262563092
uC2,96583,0.0003090656,309.0656,0.02850789894668326
uC2,96704,0.0003094528,309.45279999999997,0.0034531146058177906
uC2,96813,0.0003098016,309.8016,0.008641873202348575
uC2,96921,0.0003101472,310.1472,0.02657279442787429
uC2,97025,0.00031048,310.48,0.0010964307687551117
uC2,97137,0.0003108384,310.8384,0.003056400989892017
uC2,97351,0.00031152320000000003,311.52320000000003,0.019747546635086714
uC2,97458,0.0003118656,311.86560000000003,0.1358184202984003
uC2,97550,0.00031216,312.16,0.0018286982619919363
uC2,97660,0.00031251200000000003,312.51200000000006,0.004630913980134292
uC2,97768,0.00031285760000000003,312.85760000000005,0.011548379934702082
uC2,97874,0.0003131968,313.1968,0.040607306587980486
uC2,97979,0.0003135328,313.5328,0.0013037709354819136
uC2,98091,0.0003138912,313.8912,0.0034865332933674766
uC2,98199,0.0003142368,314.2368,0.008445600678969184
uC2,98304,0.0003145728,314.5728,0.0239952335012698
uC2,98423,0.0003149536,314.9536,0.1155592800444638
uC2,98504,0.0003152128,315.2128,0.0009496633740966926
uC2,99036,0.00031691520000000004,316.9152,0.0016610217785866606
uC2,99145,0.000317264,317.264,0.004255272349298904
uC2,99253,0.0003176096,317.6096,0.010481540028262872
uC2,99359,0.00031794880000000003,317.9488,0.03407497955816743
uC2,99472,0.0003183104,318.3104,0.0018394709077655111
uC2,99582,0.0003186624,318.66240000000005,0.004654177483467092
uC2,99690,0.000319008,319.00800000000004,0.011616509217706239
uC2,99796,0.0003193472,319.3472,0.041075648226106626
uC2,99901,0.00031968320000000004,319.68320000000006,0.0012758099350573754
iL1,111,3.552e-07,0.3552,0.001371880750292731
iL1,223,7.136e-07,0.7136,0.0012232686349728144
iL1,444,1.4208e-06,1.4208,-2.44996873610069e-06
iL1,558,1.7856000000000001e-06,1.7856,0.00026856243334427336
iL1,666,2.1312e-06,2.1312,-5.00379002747825e-05
iL1,779,2.4928e-06,2.4928,0.0008666104034110697
iL1,891,2.8512e-06,2.8512,0.000772827456979326
iL1,1089,3.4848e-06,3.4848,-8.668659675340676e-05
iL1,1202,3.8464e-06,3.8464,0.0013289447388773648
iL1,1314,4.2048e-06,4.2048,0.0014494720418502358
iL1,1428,4.5696e-06,4.5696,0.0010066081925425342
iL1,1618,5.1776e-06,5.1776,-4.843945880261043e-05
iL1,1732,5.5424000000000005e-06,5.542400000000001,0.0010347665700679433
iL1,1844,5.9008e-06,5.9008,0.001012597387795527
iL1,2055,6.576e-06,6.5760000000000005,-4.495236969894762e-05
iL1,2169,6.9408000000000005e-06,6.9408,0.0009374843001524071
iL1,2281,7.2992e-06,7.2992,0.000871904122877992
iL1,2484,7.948800000000001e-06,7.948800000000001,-7.568843743124015e-05
iL1,2597,8.310400000000001e-06,8.310400000000001,0.0012307929995803563
iL1,2709,8.6688e-06,8.668800000000001,0.00130463740807595
iL1,2823,9.033600000000001e-06,9.033600000000002,0.0008420247201892372
iL1,3005,9.616e-06,9.616000000000001,-3.969506769424745e-05
iL1,3118,9.9776e-06,9.9776,0.0009695465955371347
iL1,3230,1.0336e-05,10.336,0.0009156718547514944
iL1,3436,1.0995200000000001e-05,10.9952,-6.844978925318082e-05
iL1,3549,1.1356800000000001e-05,11.356800000000002,0.0011649745240009666
iL1,3661,1.1715200000000001e-05,11.715200000000001,0.001207222616204705
iL1,3775,1.2080000000000001e-05,12.080000000000002,0.0007317847743593469
iL1,3961,1.26752e-05,12.6752,-5.701144733067807e-05
iL1,4075,1.304e-05,13.040000000000001,0.0011501139802963163
iL1,4186,1.33952e-05,13.3952,0.0011807304306852872
iL1,4414,1.41248e-05,14.1248,3.3553960117803535e-05
iL1,4492,1.43744e-05,14.374400000000001,-9.032050029536433e-05
iL1,4605,1.4736000000000001e-05,14.736,0.0013957170810830054
iL1,4717,1.50944e-05,15.0944,0.0015471912366702572
iL1,4831,1.54592e-05,15.4592,0.0011173969965301456
iL1,5028,1.60896e-05,16.0896,-4.4582350988228215e-05
iL1,5142,1.64544e-05,16.4544,0.000978026535815904
iL1,5254,1.68128e-05,16.8128,0.0009298297322498481
iL1,5460,1.7472e-05,17.472,-6.57862274467622e-05
iL1,5573,1.78336e-05,17.8336,0.0011388889517083898
iL1,5685,1.8192e-05,18.192,0.0011682787210873767
iL1,5912,1.89184e-05,18.918400000000002,2.4735570282120483e-05
iL1,5994,1.91808e-05,19.1808,-0.0001155875185149745
iL1,6107,1.95424e-05,19.5424,0.0015368560359140125
iL1,6219,1.99008e-05,19.9008,0.0017591817215782885
iL1,6332,2.02624e-05,20.2624,0.0013603451878867814
iL1,6551,2.09632e-05,20.9632,-3.3693123619778618e-06
iL1,6665,2.1328e-05,21.328,0.00031344854581210496
iL1,6775,2.168e-05,21.68,-1.0454581705077557e-05
iL1,6889,2.20448e-05,22.0448,0.000348213840139103
iL1,7001,2.24032e-05,22.4032,3.254634346825704e-05
iL1,7092,2.26944e-05,22.6944,-0.00016121944951520004
iL1,7205,2.3056e-05,23.056,0.0017051906271609515
iL1,7316,2.34112e-05,23.4112,0.002020005907754963
iL1,7430,2.3776e-05,23.776,0.0016610102828632186
iL1,7718,2.4697600000000002e-05,24.6976,-1.1598394610805978e-05
iL1,7832,2.5062400000000002e-05,25.062400000000004,0.0005613913446439435
iL1,7944,2.5420800000000002e-05,25.420800000000003,0.00032460500471735433
iL1,8043,2.5737600000000002e-05,25.737600000000004,-9.192946570343374e-05
iL1,8156,2.6099200000000002e-05,26.099200000000003,0.0012875095419149286
iL1,8268,2.6457600000000002e-05,26.457600000000003,0.0013923726874533306
iL1,8382,2.6822400000000003e-05,26.822400000000002,0.0009427654264263363
iL1,8568,2.74176e-05,27.4176,-4.6677337811337714e-05
iL1,8682,2.77824e-05,27.7824,0.0010281457993773406
iL1,8794,2.81408e-05,28.1408,0.001002441845941129
iL1,9005,2.8816e-05,28.816,-4.780321270302342e-05
iL1,9118,2.91776e-05,29.177599999999998,0.0009684155330101654
iL1,9230,2.9536e-05,29.536,0.0009175024799212055
iL1,9436,3.0195200000000002e-05,30.195200000000003,-6.770459380337077e-05
iL1,9549,3.05568e-05,30.5568,0.001160386328199166
iL1,9661,3.09152e-05,30.9152,0.0012004567014977589
iL1,9775,3.128e-05,31.279999999999998,0.0007240520541958271
iL1,9962,3.18784e-05,31.878400000000003,-6.286915673737315e-05
iL1,10075,3.224e-05,32.24,0.001199217972978781
iL1,10187,3.25984e-05,32.598400000000005,0.0012537051613911243
iL1,10301,3.29632e-05,32.9632,0.0007833456830914527
iL1,10484,3.35488e-05,33.5488,-3.903200520204929e-05
iL1,10597,3.39104e-05,33.9104,0.0009735297657786766
iL1,10709,3.42688e-05,34.2688,0.00092156328311567
iL1,10915,3.4928e-05,34.928000000000004,-6.724141815352014e-05
iL1,11028,3.52896e-05,35.2896,0.00115444561112929
iL1,11140,3.5648e-05,35.648,0.0011916669724470698
iL1,11254,3.60128e-05,36.0128,0.0007141915732761699
iL1,11443,3.66176e-05,36.6176,-7.19145828157997e-05
iL1,11556,3.69792e-05,36.9792,0.0012717867298072175
iL1,11668,3.73376e-05,37.3376,0.001362147723478369
iL1,11782,3.77024e-05,37.7024,0.0009063420098890663
iL1,11966,3.8291200000000004e-05,38.2912,-4.407653134453642e-05
iL1,12080,3.8656000000000004e-05,38.656000000000006,0.0010084961396064067
iL1,12192,3.9014400000000004e-05,39.0144,0.0009733738355345602
iL1,12401,3.96832e-05,39.6832,-5.571121432110795e-05
iL1,12514,4.00448e-05,40.0448,0.0010460215559667376
iL1,12626,4.04032e-05,40.4032,0.001031620590011129
iL1,12839,4.1084800000000003e-05,41.0848,-3.9029795354589774e-05
iL1,12953,4.1449600000000004e-05,41.449600000000004,0.0008707744578863151
iL1,13065,4.1808000000000004e-05,41.80800000000001,0.0007738947224426497
iL1,13262,4.2438400000000004e-05,42.4384,-8.63902799072346e-05
iL1,13375,4.2800000000000004e-05,42.800000000000004,0.0013281876356515047
iL1,13487,4.3158400000000003e-05,43.1584,0.0014475732234238339
iL1,13601,4.3523200000000004e-05,43.5232,0.0010044044182835777
iL1,13791,4.41312e-05,44.1312,-4.82620201292215e-05
iL1,13905,4.4496e-05,44.496,0.0010348270403999782
iL1,14017,4.48544e-05,44.854400000000005,0.0010127970109670833
iL1,14228,4.55296e-05,45.5296,-4.469109659997744e-05
iL1,14342,4.58944e-05,45.8944,0.000936539572390614
iL1,14454,4.62528e-05,46.2528,0.0008706646118892447
iL1,14657,4.69024e-05,46.9024,-7.59827640903408e-05
iL1,14770,4.7264e-05,47.264,0.0012323534662593925
iL1,14882,4.76224e-05,47.6224,0.0013069351999825663
iL1,14996,4.79872e-05,47.9872,0.0008446712142259237
iL1,15178,4.85696e-05,48.5696,-3.987541772108309e-05
iL1,15291,4.8931200000000003e-05,48.931200000000004,0.0009713135364672449
iL1,15404,4.9292800000000003e-05,49.29280000000001,0.0009180031526662407
iL1,15609,4.99488e-05,49.9488,-6.824715569186469e-05
iL1,15722,5.03104e-05,50.3104,0.0011613245528663294
iL1,15834,5.0668800000000005e-05,50.668800000000005,0.0012015066854095962
iL1,15948,5.10336e-05,51.0336,0.0007253943286804492
iL1,16135,5.1632e-05,51.632000000000005,-6.167783749405167e-05
iL1,16249,5.19968e-05,51.9968,0.0011905745974154077
iL1,16360,5.2352e-05,52.352000000000004,0.001240951215792591
iL1,16475,5.2720000000000003e-05,52.720000000000006,0.0007687271459259953
iL1,16657,5.33024e-05,53.3024,-4.136760737391879e-05
iL1,16771,5.36672e-05,53.6672,0.000999837647185471
iL1,16883,5.40256e-05,54.0256,0.0009600895795060063
iL1,17091,5.46912e-05,54.6912,-5.914587493588014e-05
iL1,17204,5.50528e-05,55.052800000000005,0.001077531568446598
iL1,17316,5.54112e-05,55.4112,0.00107777621115757
iL1,17533,5.61056e-05,56.1056,-2.291548411374404e-05
iL1,17647,5.64704e-05,56.4704,0.0006642436910661324
iL1,17759,5.68288e-05,56.8288,0.00047378212967744815
iL1,17865,5.7168e-05,57.168,-3.149532397783864e-05
iL1,17979,5.75328e-05,57.5328,0.0007345380782015777
iL1,18091,5.78912e-05,57.8912,0.0005773774359321745
iL1,18204,5.82528e-05,58.2528,4.2721540101882367e-05
iL1,18286,5.8515200000000005e-05,58.51520000000001,-0.0001157301499972347
iL1,18399,5.8876800000000005e-05,58.8768,0.0015349385010261633
iL1,18511,5.9235200000000005e-05,59.235200000000006,0.0017560312418828522
iL1,18625,5.9600000000000005e-05,59.60000000000001,0.0013567702377758606
iL1,18842,6.02944e-05,60.2944,-4.217497215344702e-06
iL1,18956,6.0659200000000004e-05,60.659200000000006,0.0003404945207021296
iL1,19068,6.1017600000000003e-05,61.0176,2.032641539531148e-05
iL1,19162,6.13184e-05,61.3184,-0.0001714120412179857
iL1,19275,6.168e-05,61.68000000000001,0.0017285157970596866
iL1,19386,6.20352e-05,62.035199999999996,0.0020574924429487057
iL1,19500,6.24e-05,62.4,0.0017047879345331574
iL1,19791,6.333120000000001e-05,63.33120000000001,-1.7582080550784418e-05
iL1,19905,6.369600000000001e-05,63.696000000000005,0.0006644888098099604
iL1,20017,6.405440000000001e-05,64.0544,0.00047235433135233275
iL1,20123,6.43936e-05,64.3936,-3.24567955125417e-05
iL1,20237,6.47584e-05,64.75840000000001,0.0007466042545297494
iL1,20349,6.51168e-05,65.11680000000001,0.0005948966600348392
iL1,20463,6.54816e-05,65.4816,5.9956812302453254e-05
iL1,20543,6.57376e-05,65.7376,-0.00010496497292378885
iL1,20656,6.60992e-05,66.09920000000001,0.001475739733099991
iL1,20768,6.64576e-05,66.4576,0.001668128972250477
iL1,20881,6.68192e-05,66.8192,0.0012556641559007468
iL1,21089,6.748480000000001e-05,67.4848,-2.6801423839999813e-05
iL1,21203,6.784960000000001e-05,67.84960000000001,0.0007541025611794821
iL1,21315,6.820800000000001e-05,68.20800000000001,0.0006034397830069016
iL1,21429,6.857280000000001e-05,68.57280000000002,6.771914575861398e-05
iL1,21508,6.882560000000001e-05,68.82560000000001,-0.00010122509653765685
iL1,21622,6.919040000000001e-05,69.19040000000001,0.0014562103310490682
iL1,21733,6.95456e-05,69.54560000000001,0.0016382248698923634
iL1,21847,6.99104e-05,69.9104,0.0012215209129832407
iL1,22052,7.05664e-05,70.5664,-3.249760785957e-05
iL1,22166,7.09312e-05,70.9312,0.0008301845196593676
iL1,22278,7.12896e-05,71.28960000000001,0.0007139872061109479
iL1,22473,7.19136e-05,71.9136,-8.912909161548273e-05
iL1,22586,7.227520000000001e-05,72.27520000000001,0.0013603387182249801
iL1,22698,7.263360000000001e-05,72.63360000000002,0.0014959347087348106
iL1,22812,7.299840000000001e-05,72.9984,0.0010593183345078486
iL1,23005,7.361600000000001e-05,73.61600000000001,-4.7604416479640455e-05
iL1,23119,7.398080000000001e-05,73.9808,0.0010191294747070065
iL1,23231,7.433920000000001e-05,74.3392,0.000990041930082661
iL1,23441,7.50112e-05,75.0112,-5.144861995630801e-05
iL1,23554,7.53728e-05,75.3728,0.0010027307972292697
iL1,23666,7.57312e-05,75.7312,0.0009676935072076149
iL1,23875,7.64e-05,76.4,-5.711859232415942e-05
iL1,23988,7.676160000000001e-05,76.7616,0.0010580280774351147
iL1,24100,7.712000000000001e-05,77.12,0.001049042924957377
iL1,24315,7.7808e-05,77.80799999999999,-3.3138281906474876e-05
iL1,24428,7.81696e-05,78.1696,0.0008027152296846329
iL1,24540,7.8528e-05,78.528,0.0006751362393017435
iL1,24734,7.91488e-05,79.1488,-9.073829378207467e-05
iL1,24847,7.95104e-05,79.5104,0.0013791384926726859
iL1,24959,7.98688e-05,79.86880000000001,0.0015236579631359608
iL1,25072,8.02304e-05,80.2304,0.0010908049411996576
iL1,25268,8.08576e-05,80.8576,-4.6181490559614066e-05
iL1,25382,8.12224e-05,81.22240000000001,0.001000052456765969
iL1,25494,8.15808e-05,81.5808,0.0009621795284943105
iL1,25702,8.22464e-05,82.2464,-5.8531337998480874e-05
iL1,25815,8.2608e-05,82.608,0.0010721339321873421
iL1,25927,8.29664e-05,82.96640000000001,0.0010694294172055516
iL1,26143,8.36576e-05,83.6576,-2.577032672996118e-05
iL1,26257,8.40224e-05,84.0224,0.0007091206268387367
iL1,26369,8.43808e-05,84.38080000000001,0.000539238023648493
iL1,26481,8.47392e-05,84.7392,8.391551706643942e-06
iL1,26587,8.50784e-05,85.0784,-0.00013618556599570472
iL1,26700,8.544000000000001e-05,85.44000000000001,0.0014218728973832912
iL1,26812,8.579840000000001e-05,85.79840000000002,0.0016017951507165064
iL1,26926,8.616320000000001e-05,86.1632,0.0011847427703442406
iL1,27129,8.68128e-05,86.8128,-3.7477055255460425e-05
iL1,27242,8.71744e-05,87.1744,0.000894099898879442
iL1,27354,8.75328e-05,87.53280000000001,0.0008072895740700635
iL1,27553,8.81696e-05,88.1696,-8.368315310324856e-05
iL1,27667,8.85344e-05,88.5344,0.001302210665904224
iL1,27778,8.88896e-05,88.8896,0.0014093601319571413
iL1,27892,8.92544e-05,89.2544,0.0009609545806721274
iL1,28080,8.9856e-05,89.856,-4.754000681634763e-05
iL1,28193,9.021760000000001e-05,90.2176,0.0010320166060729934
iL1,28305,9.057600000000001e-05,90.57600000000001,0.001008112540664655
iL1,28517,9.12544e-05,91.2544,-4.617814791600441e-05
iL1,28630,9.1616e-05,91.616,0.0009513483641883858
iL1,28742,9.19744e-05,91.9744,0.0008924488077892033
iL1,28946,9.26272e-05,92.6272,-7.276806369208385e-05
iL1,29059,9.29888e-05,92.9888,0.0012017663057337547
iL1,29171,9.33472e-05,93.3472,0.0012610175486266104
iL1,29285,9.3712e-05,93.712,0.0007927213605059465
iL1,29467,9.42944e-05,94.2944,-3.8678912903006876e-05
iL1,29581,9.46592e-05,94.6592,0.0009659682957541573
iL1,29693,9.50176e-05,95.0176,0.0009102961736802807
iL1,29898,9.56736e-05,95.67360000000001,-6.95209211932706e-05
iL1,30011,9.60352e-05,96.0352,0.0011740596581861628
iL1,30123,9.63936e-05,96.39359999999999,0.001220625903329361
iL1,30237,9.67584e-05,96.7584,0.0007469610056893113
iL1,30422,9.735040000000001e-05,97.35040000000001,-4.829842661485724e-05
iL1,30535,9.7712e-05,97.712,0.0010717662838422412
iL1,30647,9.80704e-05,98.0704,0.0010658922966672757
iL1,30863,9.87616e-05,98.7616,-2.7451557180453518e-05
iL1,30976,9.91232e-05,99.12320000000001,0.0007319518843690847
iL1,31088,9.94816e-05,99.4816,0.0005723255643504208
iL1,31201,9.98432e-05,99.8432,3.744163446397682e-05
iL1,31284,0.0001001088,100.1088,-0.00012071918323272261
iL1,31397,0.0001004704,100.47040000000001,0.0015595284903191008
iL1,31509,0.0001008288,100.8288,0.0017934197710238078
iL1,31623,0.0001011936,101.1936,0.0013997522734637664
iL1,31846,0.0001019072,101.9072,9.140923859444938e-06
iL1,31953,0.0001022496,102.2496,-0.00013388084934431494
iL1,32066,0.0001026112,102.6112,0.0014075303604570543
iL1,32178,0.0001029696,102.9696,0.0015807387779929914
iL1,32292,0.0001033344,103.3344,0.0011606586605706177
iL1,32493,0.0001039776,103.9776,-4.05575555943726e-05
iL1,32606,0.0001043392,104.3392,0.0009293131742269362
iL1,32718,0.0001046976,104.69760000000001,0.0008587565120195916
iL1,32920,0.000105344,105.344,-7.793131634857242e-05
iL1,33033,0.0001057056,105.7056,0.00124846842582788
iL1,33145,0.000106064,106.06400000000001,0.0013298506332312672
iL1,33259,0.0001064288,106.42880000000001,0.0008707268182577153
iL1,33442,0.0001070144,107.01440000000001,-4.1560097420718934e-05
iL1,33556,0.0001073792,107.3792,0.0009875008737149857
iL1,33668,0.0001077376,107.7376,0.0009423253434671507
iL1,33875,0.0001084,108.4,-6.303548154418954e-05
iL1,33988,0.0001087616,108.7616,0.0011149684212128001
iL1,34100,0.00010912,109.12,0.0011332940481530171
iL1,34322,0.0001098304,109.8304,2.0572748661139957e-06
iL1,34436,0.0001101952,110.1952,8.570448447700135e-05
iL1,34536,0.00011051520000000001,110.51520000000001,-0.00015408441481346737
iL1,34649,0.0001108768,110.8768,0.0015865998254199227
iL1,34761,0.0001112352,111.2352,0.0018460298814841282
iL1,34874,0.00011159680000000001,111.5968,0.0014630967881876214
iL1,35178,0.0001125696,112.5696,-4.740601513988666e-05
iL1,35291,0.00011293120000000001,112.9312,0.0010666941153955041
iL1,35403,0.00011328960000000001,113.28960000000001,0.0010582850685121532
iL1,35618,0.0001139776,113.9776,-3.050433866534009e-05
iL1,35731,0.0001143392,114.3392,0.0007680467325119559
iL1,35844,0.0001147008,114.7008,0.0006241586827949087
iL1,35957,0.0001150624,115.06240000000001,8.89767356142762e-05
iL1,36036,0.0001153152,115.3152,-9.575936933702612e-05
iL1,36150,0.00011568,115.68,0.0014210800400542905
iL1,36261,0.00011603520000000001,116.0352,0.0015855743507363902
iL1,36375,0.00011640000000000001,116.4,0.0011613150191535412
iL1,36576,0.0001170432,117.0432,-4.0691889566796975e-05
iL1,36689,0.0001174048,117.40480000000001,0.0009288804274203143
iL1,36801,0.0001177632,117.7632,0.0008577495078082524
iL1,37003,0.0001184096,118.4096,-7.775588376273708e-05
iL1,37117,0.0001187744,118.7744,0.0012495973058748464
iL1,37228,0.0001191296,119.12960000000001,0.0013323236428911792
iL1,37343,0.0001194976,119.4976,0.0008733321189062406
iL1,37526,0.00012008320000000001,120.0832,-4.182667151787582e-05
iL1,37639,0.0001204448,120.4448,0.000989143255535892
iL1,37751,0.0001208032,120.8032,0.0009448329950118759
iL1,37958,0.0001214656,121.46560000000001,-6.248916538252146e-05
iL1,38072,0.0001218304,121.83040000000001,0.0011101435339616345
iL1,38183,0.0001221856,122.18560000000001,0.0011258736382160823
iL1,38405,0.000122896,122.896,-2.136446289712801e-06
iL1,38519,0.0001232608,123.26080000000002,0.0002472273232098993
iL1,38626,0.0001236032,123.6032,-6.608138918772661e-05
iL1,38739,0.0001239648,123.96480000000001,0.0010117656672536336
iL1,38851,0.0001243232,124.32320000000001,0.0009867321250986844
iL1,39061,0.0001249952,124.9952,-5.181739081854054e-05
iL1,39174,0.0001253568,125.35679999999999,0.0010061562883441149
iL1,39286,0.0001257152,125.7152,0.0009724634655538503
iL1,39495,0.000126384,126.384,-5.5669841503456366e-05
iL1,39609,0.00012674880000000002,126.74880000000002,0.0010467767212441047
iL1,39721,0.00012710720000000002,127.10720000000002,0.001032644425214645
iL1,39934,0.0001277888,127.7888,-3.8735051448724324e-05
iL1,40047,0.0001281504,128.1504,0.000867257970780478
iL1,40159,0.0001285088,128.5088,0.0007691360141979821
iL1,40357,0.0001291424,129.1424,-8.651896011920021e-05
iL1,40470,0.000129504,129.50400000000002,0.0013307762981679106
iL1,40582,0.0001298624,129.8624,0.001452487317225888
iL1,40696,0.0001302272,130.2272,0.0010099342177604202
iL1,40886,0.0001308352,130.83520000000001,-4.8516106411289564e-05
iL1,41000,0.00013120000000000002,131.20000000000002,0.0010344545345665676
iL1,41112,0.00013155840000000002,131.5584,0.0010120778866436484
iL1,41323,0.0001322336,132.2336,-4.520768025023709e-05
iL1,41437,0.0001325984,132.5984,0.0009393621151062372
iL1,41549,0.0001329568,132.9568,0.0008745042539739131
iL1,41752,0.0001336064,133.6064,-7.539838606278653e-05
iL1,41865,0.00013396800000000002,133.96800000000002,0.0012273446485258689
iL1,41977,0.00013432640000000002,134.3264,0.0012995228696781502
iL1,42091,0.0001346912,134.6912,0.0008362605228664737
iL1,42273,0.0001352736,135.27360000000002,-3.93197182746968e-05
iL1,42386,0.0001356352,135.63520000000003,0.0009664433151290292
iL1,42498,0.0001359936,135.99360000000001,0.0009111983139147693
iL1,42703,0.00013664960000000001,136.64960000000002,-6.926483227488725e-05
iL1,42817,0.0001370144,137.0144,0.0011727913692314194
iL1,42928,0.0001373696,137.3696,0.0012186197536792644
iL1,43043,0.00013773760000000001,137.73760000000001,0.0007444160132737912
iL1,43227,0.0001383264,138.3264,-4.9516380203950725e-05
iL1,43341,0.00013869120000000002,138.6912,0.0010833459479078747
iL1,43453,0.00013904960000000002,139.04960000000003,0.0010828972979816161
iL1,43670,0.000139744,139.744,-2.138533129130903e-05
iL1,43783,0.0001401056,140.1056,0.000642147922649484
iL1,43896,0.0001404672,140.46720000000002,0.00044189388456505424
iL1,44000,0.0001408,140.8,-4.703207506132008e-05
iL1,44114,0.0001411648,141.16479999999999,0.0009075139534252571
iL1,44226,0.0001415232,141.5232,0.0008297950042162361
iL1,44426,0.00014216320000000001,142.16320000000002,-8.145551486615183e-05
iL1,44540,0.000142528,142.528,0.001280819160299975
iL1,44651,0.0001428832,142.8832,0.0013777810592313427
iL1,44765,0.000143248,143.24800000000002,0.0009250954374802795
iL1,44951,0.0001438432,143.84320000000002,-4.570473788576878e-05
iL1,45064,0.0001442048,144.2048,0.001019739103608419
iL1,45176,0.0001445632,144.5632,0.0009897815464840016
iL1,45386,0.0001452352,145.2352,-5.1343275347295704e-05
iL1,45500,0.00014560000000000002,145.60000000000002,0.0010042242833028289
iL1,45612,0.00014595840000000002,145.9584,0.0009699948303990906
iL1,45821,0.00014662720000000002,146.62720000000002,-5.6145142882498224e-05
iL1,45934,0.0001469888,146.9888,0.0010522993405347788
iL1,46046,0.0001473472,147.3472,0.0010409055542164756
iL1,46260,0.000148032,148.032,-3.585590320915729e-05
iL1,46373,0.00014839360000000002,148.39360000000002,0.0008354696523779734
iL1,46485,0.00014875200000000002,148.752,0.0007228767900070314
iL1,46680,0.000149376,149.376,-8.865120417239923e-05
iL1,46794,0.00014974080000000001,149.7408,0.001356778293091442
iL1,46905,0.000150096,150.096,0.0014902672435138282
iL1,47019,0.0001504608,150.4608,0.0010527831924963583
iL1,47213,0.0001510816,151.0816,-4.793719806759393e-05
iL1,47326,0.0001514432,151.44320000000002,0.0010220408847082486
iL1,47438,0.0001518016,151.8016,0.0009943290397756619
iL1,47648,0.00015247360000000002,152.4736,-4.995384505579464e-05
iL1,47762,0.0001528384,152.8384,0.0009907840665253226
iL1,47874,0.0001531968,153.1968,0.0009502804333717759
iL1,48081,0.0001538592,153.8592,-6.099904363509608e-05
iL1,48195,0.000154224,154.22400000000002,0.0010970380475666998
iL1,48307,0.0001545824,154.5824,0.0011067188455529007
iL1,48526,0.0001552832,155.2832,-1.106242174251999e-05
iL1,48640,0.000155648,155.64800000000002,0.00046478309242394575
iL1,48752,0.0001560064,156.0064,0.00018994102545322064
iL1,48845,0.000156304,156.304,-0.00012614042898364863
iL1,48958,0.0001566656,156.66559999999998,0.0015200212053507083
iL1,49070,0.000157024,157.024,0.0017390634019315762
iL1,49183,0.0001573856,157.3856,0.0013387945721114462
iL1,49399,0.0001580768,158.0768,-8.855720496175416e-06
iL1,49513,0.0001584416,158.44160000000002,0.0004507702537219624
iL1,49626,0.00015880320000000002,158.8032,0.0001697748646418369
iL1,49718,0.0001590976,159.0976,-0.00012956287110876485
iL1,49831,0.0001594592,159.45919999999998,0.001544427618208388
iL1,49942,0.0001598144,159.8144,0.0017763593757602655
iL1,50056,0.0001601792,160.1792,0.0013810927431028815
iL1,50277,0.0001608864,160.8864,3.0143296727157405e-06
iL1,50391,0.00016125120000000002,161.2512,5.710264860585653e-05
iL1,50490,0.000161568,161.568,-0.00016360897812818338
iL1,50603,0.00016192960000000002,161.92960000000002,0.001638181473912919
iL1,50714,0.0001622848,162.28480000000002,0.0019242728284367212
iL1,50828,0.0001626496,162.6496,0.0015529858251798513
iL1,51115,0.000163568,163.568,9.012407456276011e-06
iL1,51225,0.00016392000000000002,163.92000000000002,-0.00010739433870439363
iL1,51338,0.0001642816,164.2816,0.0012408931758401435
iL1,51450,0.00016464,164.64,0.00133163470924333
iL1,51564,0.0001650048,165.00480000000002,0.0008762600432609046
iL1,51747,0.0001655904,165.5904,-4.280026139600402e-05
iL1,51860,0.000165952,165.952,0.000997722450598682
iL1,51972,0.0001663104,166.3104,0.0009568712433692186
iL1,52180,0.000166976,166.976,-5.968719945258418e-05
iL1,52294,0.0001673408,167.3408,0.0010848962563195501
iL1,52406,0.0001676992,167.69920000000002,0.001088796823331231
iL1,52623,0.0001683936,168.39360000000002,-1.8398629177922526e-05
iL1,52737,0.0001687584,168.7584,0.0005983916889287547
iL1,52849,0.0001691168,169.1168,0.0003797502748529598
iL1,52951,0.0001694432,169.44320000000002,-7.27717898166049e-05
iL1,53064,0.00016980480000000002,169.80480000000003,0.0011410636491504696
iL1,53176,0.00017016320000000002,170.16320000000002,0.0011746429672820338
iL1,53290,0.000170528,170.528,0.000695751005413611
iL1,53403,0.0001708896,170.8896,3.052727583925991e-05
iL1,53482,0.0001711424,171.1424,-9.755344894385359e-05
iL1,53595,0.000171504,171.504,0.0014403265814033018
iL1,53707,0.0001718624,171.8624,0.0016130782805398114
iL1,53821,0.00017222720000000002,172.2272,0.0011927449468202588
iL1,54024,0.0001728768,172.8768,-3.688672657172892e-05
iL1,54137,0.0001732384,173.2384,0.0008826713416213181
iL1,54250,0.00017360000000000002,173.60000000000002,0.0007900243507151828
iL1,54448,0.0001742336,174.2336,-8.523219532737004e-05
iL1,54561,0.0001745952,174.5952,0.00131590118070485
iL1,54673,0.0001749536,174.9536,0.00143034419464528
iL1,54787,0.00017531840000000002,175.31840000000003,0.000984843097300923
iL1,54976,0.00017592320000000002,175.9232,-4.828980844973025e-05
iL1,55089,0.0001762848,176.2848,0.0010353307174004762
iL1,55201,0.0001766432,176.6432,0.001013175423323346
iL1,55413,0.0001773216,177.3216,-4.496745673206657e-05
iL1,55526,0.0001776832,177.6832,0.0009358619535533685
iL1,55638,0.0001780416,178.0416,0.0008694279530612524
iL1,55841,0.00017869120000000001,178.6912,-7.645877841025558e-05
iL1,55954,0.0001790528,179.0528,0.0012346917781664766
iL1,56066,0.0001794112,179.4112,0.0013096950556721874
iL1,56180,0.000179776,179.776,0.0008478839838772307
iL1,56363,0.00018036160000000002,180.3616,-3.9710470851151306e-05
iL1,56476,0.0001807232,180.7232,0.0009726162803458602
iL1,56588,0.0001810816,181.0816,0.0009204982046852473
iL1,56794,0.0001817408,181.7408,-6.736180912889828e-05
iL1,56907,0.0001821024,182.10240000000002,0.0011562430488207254
iL1,57019,0.0001824608,182.4608,0.001194333437623489
iL1,57133,0.0001828256,182.8256,0.0007171771484946594
iL1,57321,0.00018342720000000002,183.42720000000003,-6.908643551473638e-05
iL1,57434,0.0001837888,183.7888,0.0012490310281188472
iL1,57546,0.0001841472,184.1472,0.0013274162634506913
iL1,57660,0.000184512,184.512,0.0008669499626630951
iL1,57843,0.0001850976,185.0976,-4.127564486176547e-05
iL1,57957,0.0001854624,185.4624,0.000983553751209506
iL1,58069,0.0001858208,185.82080000000002,0.0009361690534051861
iL1,58275,0.00018648000000000002,186.48000000000002,-6.449846790746651e-05
iL1,58388,0.0001868416,186.8416,0.0011280494927301832
iL1,58500,0.0001872,187.2,0.001151809024953136
iL1,58725,0.00018792,187.92000000000002,1.2786986608402587e-05
iL1,58825,0.00018824,188.24,-0.00017480728313881084
iL1,58939,0.00018860480000000001,188.6048,0.0016870490450345904
iL1,59050,0.00018896,188.96,0.0019982749137997073
iL1,59163,0.00018932160000000001,189.32160000000002,0.001638441562444192
iL1,59450,0.00019024,190.23999999999998,-8.013412472173575e-06
iL1,59564,0.0001906048,190.6048,0.0004907341762013322
iL1,59677,0.00019096640000000002,190.96640000000002,0.00022476867758754833
iL1,59771,0.0001912672,191.2672,-0.00011873398067542998
iL1,59884,0.0001916288,191.6288,0.0014717640819153436
iL1,59996,0.0001919872,191.9872,0.0016676439661478064
iL1,60109,0.0001923488,192.3488,0.0012567211905651528
iL1,60318,0.00019301760000000001,193.01760000000002,-2.6410722060750393e-05
iL1,60431,0.00019337920000000002,193.37920000000003,0.0007502245532131331
iL1,60543,0.00019373760000000002,193.73760000000001,0.0005978960221615593
iL1,60657,0.0001941024,194.10240000000002,6.210198399928005e-05
iL1,60737,0.0001943584,194.3584,-0.0001038860077705171
iL1,60850,0.00019472,194.72,0.001469018513038078
iL1,60962,0.0001950784,195.07840000000002,0.0016578416820961345
iL1,61075,0.00019544,195.44000000000003,0.0012440463442231332
iL1,61283,0.0001961056,196.1056,-2.8756458301988628e-05
iL1,61396,0.00019646720000000002,196.46720000000002,0.0007820725204741694
iL1,61508,0.00019682560000000002,196.8256,0.0006441066637835242
iL1,61701,0.00019744320000000001,197.44320000000002,-9.3221277838974e-05
iL1,61814,0.0001978048,197.8048,0.0013997410874900282
iL1,61926,0.00019816320000000002,198.16320000000002,0.0015535461946031327
iL1,62040,0.000198528,198.52800000000002,0.0011249353302911977
iL1,62238,0.00019916160000000001,199.16160000000002,-4.417559149068503e-05
iL1,62351,0.0001995232,199.5232,0.0009711680127960809
iL1,62464,0.0001998848,199.8848,0.0009193398757337411
iL1,62669,0.0002005408,200.5408,-6.792704232195546e-05
iL1,62782,0.0002009024,200.9024,0.0011585773548176328
iL1,62894,0.0002012608,201.26080000000002,0.0011971299009472733
iL1,63008,0.0002016256,201.6256,0.0007204393491204699
iL1,63196,0.00020222720000000001,202.2272,-6.608592777520645e-05
iL1,63309,0.0002025888,202.5888,0.001225558312247825
iL1,63421,0.00020294720000000002,202.9472,0.0012925752766430568
iL1,63535,0.000203312,203.312,0.0008274003484738134
iL1,63717,0.0002038944,203.89440000000002,-3.8676482822511586e-05
iL1,63831,0.0002042592,204.2592,0.0009608538812604397
iL1,63943,0.0002046176,204.6176,0.0009026951377683353
iL1,64147,0.00020527040000000002,205.27040000000002,-7.104594673516067e-05
iL1,64260,0.000205632,205.632,0.0011870978308002893
iL1,64372,0.0002059904,205.9904,0.0012390827432433992
iL1,64486,0.0002063552,206.35520000000002,0.0007678677271828237
iL1,64669,0.0002069408,206.9408,-4.177076456630658e-05
iL1,64783,0.0002073056,207.3056,0.001003029663908202
iL1,64895,0.000207664,207.66400000000002,0.0009647122628433705
iL1,65103,0.0002083296,208.3296,-5.8002027604681986e-05
iL1,65217,0.00020869440000000002,208.69440000000003,0.0010674537398250505
iL1,65328,0.0002090496,209.0496,0.0010625777170244742
iL1,65544,0.0002097408,209.7408,-2.8629068209396156e-05
iL1,65657,0.00021010240000000002,210.10240000000002,0.0007435555067146787
iL1,65770,0.000210464,210.464,0.0005884412452471303
iL1,65883,0.0002108256,210.8256,5.303176110578356e-05
iL1,65964,0.0002110848,211.0848,-0.00010848871529727812
iL1,66077,0.0002114464,211.4464,0.0014950720833888803
iL1,66189,0.0002118048,211.8048,0.0016971037136875125
iL1,66302,0.00021216640000000002,212.1664,0.0012889806216740346
iL1,66513,0.0002128416,212.8416,-2.04426358271704e-05
iL1,66627,0.00021320640000000002,213.20640000000003,0.0006596118428484637
iL1,66739,0.00021356480000000002,213.56480000000002,0.0004668499864937871
iL1,66845,0.000213904,213.904,-3.5256989119940815e-05
iL1,66959,0.00021426880000000002,214.26880000000003,0.0007786440004499791
iL1,67071,0.00021462720000000002,214.62720000000002,0.0006412860844666897
iL1,67185,0.000214992,214.992,0.00010707189408076014
iL1,67264,0.00021524480000000002,215.24480000000003,-9.338320894106186e-05
iL1,67377,0.0002156064,215.6064,0.0014024066992594252
iL1,67489,0.0002159648,215.9648,0.0015582418728964159
iL1,67602,0.0002163264,216.3264,0.0011300577294833156
iL1,67801,0.00021696320000000002,216.96320000000003,-4.3755285992706056e-05
iL1,67914,0.0002173248,217.3248,0.0009658954475506943
iL1,68026,0.0002176832,217.6832,0.0009117439831910224
iL1,68232,0.0002183424,218.3424,-6.90051131749843e-05
iL1,68345,0.000218704,218.704,0.001171292142826908
iL1,68457,0.0002190624,219.06240000000003,0.0012165890974257128
iL1,68571,0.0002194272,219.4272,0.0007423211647783633
iL1,68756,0.0002200192,220.01919999999998,-5.084459104683854e-05
iL1,68869,0.0002203808,220.3808,0.0010930784100118757
iL1,68981,0.0002207392,220.7392,0.0010970707850308683
iL1,69200,0.00022144000000000002,221.44000000000003,-1.54739358894731e-05
iL1,69313,0.0002218016,221.8016,0.0005497444824292626
iL1,69426,0.0002221632,222.16320000000002,0.0003099282663687794
iL1,69524,0.00022247680000000002,222.47680000000003,-9.623974201717154e-05
iL1,69637,0.0002228384,222.8384,0.001319608517384108
iL1,69749,0.0002231968,223.1968,0.0014402587256257225
iL1,69862,0.0002235584,223.5584,0.0009971681219150337
iL1,70052,0.0002241664,224.1664,-4.8362748751221197e-05
iL1,70166,0.0002245312,224.53119999999998,0.001036433305236897
iL1,70278,0.0002248896,224.8896,0.0010150889794432523
iL1,70490,0.00022556800000000002,225.568,-4.4050265823575595e-05
iL1,70603,0.0002259296,225.9296,0.0009293405647513943
iL1,70715,0.000226288,226.288,0.0008601665179829906
iL1,70917,0.0002269344,226.9344,-7.769447908943564e-05
iL1,71031,0.00022729920000000002,227.2992,0.0012466176313993575
iL1,71142,0.00022765440000000001,227.6544,0.0013269726547951656
iL1,71256,0.0002280192,228.0192,0.000867448329163432
iL1,71439,0.0002286048,228.6048,-4.139321297429664e-05
iL1,71553,0.0002289696,228.96959999999999,0.0009854203704274245
iL1,71665,0.000229328,229.328,0.0009391459857604727
iL1,71871,0.0002299872,229.9872,-6.345214989441666e-05
iL1,71985,0.00023035200000000002,230.35200000000003,0.0011214767755578356
iL1,72097,0.00023071040000000002,230.71040000000002,0.0011429050630805849
iL1,72320,0.000231424,231.424,7.318126261407446e-06
iL1,72430,0.000231776,231.776,-0.0001027727796709534
iL1,72543,0.0002321376,232.1376,0.0012103645077995394
iL1,72654,0.0002324928,232.4928,0.0012860099910792127
iL1,72769,0.00023286080000000002,232.8608,0.0008243523965989556
iL1,72951,0.00023344320000000002,233.44320000000002,-3.9035864706576756e-05
iL1,73064,0.0002338048,233.8048,0.0009678718851336529
iL1,73176,0.0002341632,234.1632,0.0009134421553093893
iL1,73381,0.0002348192,234.8192,-6.899956540200319e-05
iL1,73495,0.00023518400000000002,235.18400000000003,0.0011691809205394668
iL1,73606,0.0002355392,235.53920000000002,0.0012126506426873695
iL1,73721,0.0002359072,235.90720000000002,0.000737878703458488
iL1,73906,0.0002364992,236.4992,-5.3312788195784296e-05
iL1,74019,0.0002368608,236.8608,0.0011160011401592576
iL1,74131,0.0002372192,237.2192,0.0011307129864798042
iL1,74353,0.00023792960000000002,237.92960000000002,-1.510486206557289e-07
iL1,74467,0.0002382944,238.2944,0.00017950822505347002
iL1,74571,0.0002386272,238.62720000000002,-0.00010973909239914778
iL1,74684,0.0002389888,238.9888,0.0013281509718522887
iL1,74796,0.0002393472,239.34720000000002,0.001457725818236142
iL1,74909,0.00023970880000000002,239.70880000000002,0.0010186063323988678
iL1,75101,0.0002403232,240.3232,-4.887355171565164e-05
iL1,75214,0.00024068480000000002,240.68480000000002,0.0010350605864905887
iL1,75326,0.00024104320000000002,241.0432,0.0010130987506564565
iL1,75538,0.0002417216,241.72160000000002,-4.494858961120023e-05
iL1,75651,0.00024208320000000002,242.08320000000003,0.0009357002056139778
iL1,75763,0.00024244160000000002,242.44160000000002,0.0008692738413982626
iL1,75966,0.0002430912,243.09120000000001,-7.648775323672804e-05
iL1,76079,0.00024345280000000001,243.45280000000002,0.001234735039578877
iL1,76191,0.00024381120000000001,243.8112,0.0013099157000171157
iL1,76305,0.00024417600000000003,244.17600000000002,0.0008481414521217401
iL1,76487,0.0002447584,244.7584,-3.968717009340292e-05
iL1,76601,0.0002451232,245.1232,0.0009728242964799487
iL1,76713,0.0002454816,245.48160000000001,0.0009207883770113884
iL1,76919,0.0002461408,246.1408,-6.724379926381878e-05
iL1,77032,0.00024650240000000003,246.50240000000002,0.0011557801881041854
iL1,77144,0.0002468608,246.8608,0.0011936454656158552
iL1,77258,0.0002472256,247.2256,0.0007163780545825979
iL1,77446,0.0002478272,247.8272,-6.981887835509944e-05
iL1,77560,0.000248192,248.192,0.0012552115349968352
iL1,77671,0.0002485472,248.54720000000003,0.0013365304448769285
iL1,77785,0.000248912,248.912,0.0008772713398204022
iL1,77969,0.0002495008,249.5008,-4.186439489283487e-05
iL1,78082,0.00024986240000000003,249.86240000000004,0.0009900580419183952
iL1,78194,0.0002502208,250.2208,0.0009462374530328862
iL1,78401,0.0002508832,250.8832,-6.216753699077855e-05
iL1,78515,0.00025124800000000003,251.24800000000002,0.0011072205513153583
iL1,78626,0.0002516032,251.6032,0.0011215843500753488
iL1,78848,0.0002523136,252.31359999999998,-4.107930820338086e-06
iL1,78961,0.0002526752,252.67520000000002,0.00030922435420230776
iL1,79072,0.0002530304,253.0304,-1.4326673700423186e-05
iL1,79185,0.000253392,253.39200000000002,0.00042117057288345715
iL1,79298,0.0002537536,253.7536,0.0001316804075690106
iL1,79388,0.00025404160000000003,254.04160000000005,-0.00013606985323702227
iL1,79502,0.0002544064,254.40640000000002,0.0015877012378934206
iL1,79613,0.0002547616,254.7616,0.0018406008622851321
iL1,79727,0.0002551264,255.12640000000002,0.0014549796714297468
iL1,80031,0.0002560992,256.0992,-6.0914502536140644e-05
iL1,80145,0.00025646400000000003,256.46400000000006,0.0011880342387396653
iL1,80257,0.0002568224,256.8224,0.0012375523848841663
iL1,80371,0.0002571872,257.18719999999996,0.0007647768360603889
iL1,80554,0.0002577728,257.7728,-4.259336291174839e-05
iL1,80667,0.0002581344,258.1344,0.001009756703437425
iL1,80779,0.00025849280000000003,258.49280000000005,0.0009744690343698343
iL1,80988,0.00025916160000000004,259.1616,-5.5505197462557276e-05
iL1,81102,0.0002595264,259.5264,0.0010441412976143086
iL1,81214,0.0002598848,259.8848,0.0010285865789464138
iL1,81426,0.0002605632,260.5632,-3.9727912093482794e-05
iL1,81540,0.000260928,260.928,0.0008819750817173889
iL1,81652,0.00026128640000000003,261.2864,0.000790758482309672
iL1,81850,0.00026192,261.92,-8.49705048415956e-05
iL1,81964,0.0002622848,262.2848,0.0013156061362949879
iL1,82075,0.00026264,262.64000000000004,0.0014295392536549307
iL1,82189,0.0002630048,263.0048,0.0009838244651414418
iL1,82378,0.00026360960000000003,263.60960000000006,-4.803485911640676e-05
iL1,82492,0.0002639744,263.9744,0.0010351394074472674
iL1,82604,0.0002643328,264.33279999999996,0.001013050194040257
iL1,82815,0.000265008,265.008,-4.473332393637235e-05
iL1,82929,0.0002653728,265.3728,0.0009360197043791616
iL1,83041,0.0002657312,265.7312,0.0008698453261701795
iL1,83244,0.00026638080000000004,266.3808,-7.589885973827223e-05
iL1,83357,0.0002667424,266.74240000000003,0.0012335174043457977
iL1,83469,0.0002671008,267.1008,0.0013086658393492562
iL1,83583,0.00026746560000000003,267.46560000000005,0.0008465589722290742
iL1,83765,0.000268048,268.048,-4.000221032039466e-05
iL1,83878,0.0002684096,268.4096,0.0009722769618787436
iL1,83990,0.000268768,268.76800000000003,0.0009195748572571457
iL1,84196,0.0002694272,269.42719999999997,-6.793656909107127e-05
iL1,84309,0.00026978880000000003,269.78880000000004,0.0011584912263952027
iL1,84421,0.0002701472,270.1472,0.0011972484953959948
iL1,84535,0.000270512,270.512,0.0007205827739840773
iL1,84723,0.0002711136,271.1136,-6.5943287093441e-05
iL1,84836,0.0002714752,271.4752,0.001223891256185692
iL1,84948,0.0002718336,271.8336,0.0012904603143316265
iL1,85062,0.0002721984,272.1984,0.0008250204150760349
iL1,85244,0.00027278080000000003,272.78080000000006,-3.861735412454329e-05
iL1,85357,0.0002731424,273.1424,0.0009601078147005443
iL1,85469,0.00027350080000000004,273.5008,0.0009015986992076539
iL1,85674,0.0002741568,274.15680000000003,-7.128680184856004e-05
iL1,85787,0.0002745184,274.5184,0.0011886343020239445
iL1,85899,0.0002748768,274.8768,0.0012419241639511516
iL1,86013,0.0002752416,275.2416,0.0007711067543571335
iL1,86196,0.0002758272,275.8272,-4.135326508704589e-05
iL1,86309,0.0002761888,276.1888,0.0009958729964401013
iL1,86421,0.0002765472,276.5472,0.000953919469766425
iL1,86629,0.0002772128,277.2128,-6.0623101450918676e-05
iL1,86742,0.0002775744,277.5744,0.0010916456822006777
iL1,86854,0.0002779328,277.9328,0.0010983390509064375
iL1,87073,0.0002786336,278.6336,-1.4667442704147303e-05
iL1,87187,0.0002789984,278.9984,0.0005319799640163601
iL1,87299,0.00027935680000000003,279.3568,0.0002845059759781887
iL1,87396,0.0002796672,279.6672,-0.00010404010744922385
iL1,87509,0.0002800288,280.0288,0.001371096410703282
iL1,87621,0.0002803872,280.3872,0.0015169542552380272
iL1,87735,0.000280752,280.752,0.0010848678037358186
iL1,87930,0.000281376,281.37600000000003,-4.685568670784419e-05
iL1,88044,0.0002817408,281.7408,0.0010050877464031652
iL1,88156,0.0002820992,282.09920000000005,0.0009692843393997443
iL1,88364,0.0002827648,282.76480000000004,-5.662408327603616e-05
iL1,88478,0.0002831296,283.1296,0.0010555364487547588
iL1,88590,0.00028348800000000003,283.48800000000006,0.0010454910557538386
iL1,88804,0.0002841728,284.1728,-3.448217495108964e-05
iL1,88917,0.0002845344,284.5344,0.000817819624789814
iL1,89029,0.0002848928,284.8928,0.0006970718340549175
iL1,89224,0.0002855168,285.5168,-8.938604967979538e-05
iL1,89337,0.0002858784,285.8784,0.001368665924044891
iL1,89448,0.00028623360000000004,286.2336,0.0015081496627503748
iL1,89562,0.0002865984,286.5984,0.001072979177959732
iL1,89757,0.00028722240000000004,287.22240000000005,-4.742727802608859e-05
iL1,89870,0.000287584,287.584,0.0010122849056049806
iL1,89982,0.0002879424,287.94239999999996,0.0009794436269753846
iL1,90192,0.0002886144,288.6144,-5.426514439478204e-05
iL1,90305,0.00028897600000000003,288.97600000000006,0.0010308401564278894
iL1,90417,0.0002893344,289.3344,0.0010091420853625718
iL1,90629,0.00029001280000000003,290.0128,-4.570739477362622e-05
iL1,90742,0.0002903744,290.37440000000004,0.0009458097579675819
iL1,90854,0.00029073280000000004,290.73280000000005,0.0008843166252321085
iL1,91058,0.0002913856,291.3856,-7.38163584645779e-05
iL1,91171,0.0002917472,291.74719999999996,0.0012134127128673152
iL1,91283,0.0002921056,292.10560000000004,0.0012789081328940383
iL1,91397,0.0002924704,292.4704,0.0008128906475767831
iL1,91579,0.00029305280000000003,293.05280000000005,-3.81877034694642e-05
iL1,91692,0.0002934144,293.4144,0.0009593524791510496
iL1,91804,0.00029377280000000003,293.7728,0.0009008897855520683
iL1,92008,0.0002944256,294.4256,-7.083235159964827e-05
iL1,92122,0.0002947904,294.7904,0.0011893218721470587
iL1,92234,0.0002951488,295.1488,0.0012432303010132962
iL1,92348,0.0002955136,295.5136,0.0007723985118649695
iL1,92530,0.00029609600000000003,296.09600000000006,-4.069965051432462e-05
iL1,92644,0.0002964608,296.4608,0.0009928341459780902
iL1,92756,0.0002968192,296.81919999999997,0.0009498367161842947
iL1,92963,0.00029748160000000004,297.4816,-6.13010499439485e-05
iL1,93077,0.0002978464,297.8464,0.0010998132223080741
iL1,93189,0.0002982048,298.2048,0.0011107736732554197
iL1,93409,0.0002989088,298.90880000000004,-9.004565570177685e-06
iL1,93522,0.0002992704,299.2704,0.0004280734370970228
iL1,93635,0.00029963200000000003,299.63200000000006,0.0001386067221874903
iL1,93726,0.0002999232,299.9232,-0.00013507738836160098
iL1,93839,0.0003002848,300.2848,0.001579507587609757
iL1,93950,0.00030064,300.64000000000004,0.0018290130351125706
iL1,94064,0.0003010048,301.0048,0.0014413446566698233
iL1,94293,0.0003017376,301.7376,2.770722249943277e-05
iL1,94371,0.0003019872,301.9872,-8.55954459220862e-05
iL1,94484,0.00030234880000000003,302.34880000000004,0.0013670249438169132
iL1,94596,0.0003027072,302.7072,0.001503329448823826
iL1,94710,0.000303072,303.072,0.0010672746360223058
iL1,94904,0.0003036928,303.6928,-4.745302819116344e-05
iL1,95018,0.00030405760000000003,304.05760000000004,0.0010148565752886
iL1,95130,0.000304416,304.416,0.0009836736094116158
iL1,95339,0.0003050848,305.08480000000003,-5.292018508881521e-05
iL1,95453,0.0003054496,305.4496,0.0010196923790817755
iL1,95565,0.000305808,305.80800000000005,0.0009927337706343883
iL1,95775,0.00030648000000000003,306.48,-5.0604630737754166e-05
iL1,95888,0.0003068416,306.8416,0.00099426283265598
iL1,96000,0.0003072,307.2,0.0009549871838922571
iL1,96208,0.00030786560000000004,307.86560000000003,-6.006774574175111e-05
iL1,96322,0.0003082304,308.23040000000003,0.0010873587148226304
iL1,96434,0.0003085888,308.5888,0.0010922827876002086
iL1,96652,0.0003092864,309.2864,-1.7054159014171076e-05
iL1,96765,0.000309648,309.64799999999997,0.0005761064200774751
iL1,96878,0.0003100096,310.00960000000003,0.00034756792135390464
iL1,96977,0.0003103264,310.32640000000004,-8.450781748263642e-05
iL1,97091,0.0003106912,310.6912,0.0012315471151609814
iL1,97202,0.0003110464,311.0464,0.0013082908035620666
iL1,97316,0.0003114112,311.4112,0.0008472334922846402
iL1,97499,0.0003119968,311.9968,-4.0100725453108446e-05
iL1,97612,0.0003123584,312.3584,0.0009741134946186963
iL1,97724,0.0003127168,312.7168,0.0009226230501061381
iL1,97930,0.00031337600000000003,313.37600000000003,-6.729341461475057e-05
iL1,98043,0.0003137376,313.7376,0.0011527057166608715
iL1,98155,0.00031409600000000004,314.09600000000006,0.0011887873883875074
iL1,98269,0.0003144608,314.4608,0.0007110215731706097
iL1,98458,0.0003150656,315.0656,-7.531096749041231e-05
iL1,98572,0.00031543040000000004,315.4304,0.0012982937444570096
iL1,98683,0.0003157856,315.7856,0.0014016055647638214
iL1,98797,0.0003161504,316.1504,0.0009511072162741784
iL1,98985,0.000316752,316.752,-4.660938702412575e-05
iL1,99098,0.0003171136,317.11359999999996,0.00102816791066578
iL1,99210,0.000317472,317.47200000000004,0.0010027003640605537
iL1,99421,0.00031814720000000003,318.14720000000005,-4.796711784429659e-05
iL1,99534,0.0003185088,318.5088,0.0009675247826439449
iL1,99646,0.00031886720000000004,318.8672,0.000916025139697097
iL1,99852,0.0003195264,319.5264,-6.829285663279324e-05
iL1,99965,0.000319888,319.888,0.0011630754908973802
iL2,452,1.4464e-06,1.4464000000000001,0.002265410966240166
iL2,674,2.1568000000000003e-06,2.1568,0.001064164140373194
iL2,1097,3.5104000000000003e-06,3.5104,0.0001447169798911745
iL2,1626,5.2032000000000004e-06,5.203200000000001,0.0007443779535701091
iL2,2063,6.6016000000000005e-06,6.6016,0.0009338068116953568
iL2,2492,7.974400000000001e-06,7.974400000000001,0.0003417272954136907
iL2,3013,9.641600000000001e-06,9.6416,0.0008721621195865889
iL2,3444,1.10208e-05,11.0208,0.0004737100282091639
iL2,3969,1.27008e-05,12.700800000000001,0.0005110846548888173
iL2,4500,1.4400000000000001e-05,14.4,1.017730602881462e-05
iL2,5036,1.61152e-05,16.1152,0.0008556631286702555
iL2,5468,1.74976e-05,17.4976,0.0005246858513197792
iL2,6003,1.92096e-05,19.2096,-0.0002736190507682652
iL2,6558,2.09856e-05,20.9856,0.0021789334525065852
iL2,6783,2.17056e-05,21.7056,0.0021053166035587003
iL2,7101,2.27232e-05,22.7232,-0.0006304497372068787
iL2,7726,2.47232e-05,24.723200000000002,0.0016859320194799387
iL2,8051,2.57632e-05,25.7632,0.00021901409285012737
iL2,8576,2.7443200000000002e-05,27.4432,0.000757189949574588
iL2,9013,2.8841600000000002e-05,28.841600000000003,0.000871337072846258
iL2,9444,3.02208e-05,30.2208,0.0004849231763078079
iL2,9970,3.1904e-05,31.903999999999996,0.0004097297357253429
iL2,10492,3.35744e-05,33.574400000000004,0.0008687804502558097
iL2,10923,3.4953600000000004e-05,34.9536,0.000495359407656721
iL2,11451,3.66432e-05,36.6432,0.0002645998686741597
iL2,11974,3.83168e-05,38.3168,0.000797986083230471
iL2,12409,3.97088e-05,39.708800000000004,0.0007136029200664614
iL2,12847,4.11104e-05,41.1104,0.0010628179047583225
iL2,13271,4.24672e-05,42.4672,0.00015215938574116288
iL2,13800,4.4160000000000004e-05,44.160000000000004,0.0007444106723607252
iL2,14237,4.55584e-05,45.5584,0.0009374683259390496
iL2,14665,4.6928e-05,46.928000000000004,0.00033768211579501085
iL2,15186,4.85952e-05,48.5952,0.0008676958165031926
iL2,15617,4.99744e-05,49.9744,0.00047927614785472445
iL2,16144,5.1660800000000005e-05,51.6608,0.00043585583361040414
iL2,16666,5.33312e-05,53.3312,0.0008170988555652491
iL2,17099,5.4716800000000004e-05,54.716800000000006,0.0006479570781340294
iL2,17541,5.61312e-05,56.1312,0.0014773009746770704
iL2,17873,5.71936e-05,57.1936,0.0013325972783761598
iL2,18295,5.8544e-05,58.544000000000004,-0.00027114923986722584
iL2,18850,6.0320000000000005e-05,60.32000000000001,0.0021206282636621384
iL2,19171,6.134720000000001e-05,61.34720000000001,-0.00068371498886035
iL2,19799,6.33568e-05,63.35679999999999,0.0014793893933374381
iL2,20131,6.441920000000001e-05,64.4192,0.001308726281843571
iL2,20551,6.57632e-05,65.7632,-0.0001540315168079907
iL2,21097,6.75104e-05,67.51039999999999,0.0012983176232236283
iL2,21517,6.88544e-05,68.8544,-0.0001117343161089974
iL2,22060,7.0592e-05,70.592,0.0011483708793458046
iL2,22481,7.19392e-05,71.9392,7.912924971462485e-05
iL2,23014,7.36448e-05,73.6448,0.0007752782267351647
iL2,23449,7.50368e-05,75.0368,0.0007989861734011265
iL2,23883,7.64256e-05,76.4256,0.000687264632827816
iL2,24323,7.78336e-05,77.8336,0.0012035312613723006
iL2,24742,7.91744e-05,79.1744,4.169817361796828e-05
iL2,25277,8.08864e-05,80.8864,0.0008130946419275733
iL2,25710,8.2272e-05,82.272,0.000660966109950588
iL2,26151,8.36832e-05,83.6832,0.001388334838165217
iL2,26488,8.47616e-05,84.7616,0.0032623682907424027
iL2,26596,8.51072e-05,85.10719999999999,-6.832405927763227e-05
iL2,27137,8.68384e-05,86.8384,0.001024286172740655
iL2,27562,8.81984e-05,88.19839999999999,0.00020328781457852756
iL2,28088,8.98816e-05,89.8816,0.0007448927152615028
iL2,28525,9.128000000000001e-05,91.28,0.0009056191977620376
iL2,28954,9.265280000000001e-05,92.65280000000001,0.0004024184678168543
iL2,29475,9.432e-05,94.32000000000001,0.0008787693391983752
iL2,29906,9.569920000000001e-05,95.6992,0.0004547481145216765
iL2,30430,9.7376e-05,97.37599999999999,0.0006710792899226434
iL2,30871,9.87872e-05,98.7872,0.00134659460405985
iL2,31293,0.00010013760000000001,100.1376,-0.000322403894088625
iL2,31853,0.00010192960000000001,101.92960000000001,0.003252317947574247
iL2,31962,0.0001022784,102.2784,-3.6982554342096605e-05
iL2,32501,0.0001040032,104.0032,0.0009523834299369982
iL2,32929,0.00010537280000000001,105.37280000000001,0.0003132281783533264
iL2,33450,0.00010704,107.04,0.000838467729935146
iL2,33883,0.00010842560000000001,108.4256,0.0005741028540967031
iL2,34330,0.000109856,109.856,0.002632601390254437
iL2,34545,0.000110544,110.54400000000001,-0.0003986736737946975
iL2,35186,0.0001125952,112.5952,0.0006816657736902356
iL2,35626,0.0001140032,114.0032,0.0012707632695262542
iL2,36045,0.000115344,115.344,-3.927753688970964e-05
iL2,36584,0.0001170688,117.0688,0.000950011375896015
iL2,37012,0.00011843840000000001,118.4384,0.0003064662600677192
iL2,37534,0.0001201088,120.1088,0.0008343925510466611
iL2,37967,0.0001214944,121.4944,0.000590835153084025
iL2,38413,0.0001229216,122.9216,0.002308866576306002
iL2,38634,0.0001236288,123.6288,0.0007722684727365631
iL2,39069,0.0001250208,125.0208,0.0007916251966679595
iL2,39504,0.0001264128,126.4128,0.0007165430701324584
iL2,39942,0.0001278144,127.81439999999999,0.0010720226398378023
iL2,40365,0.000129168,129.168,0.00013881909829779562
iL2,40894,0.0001308608,130.8608,0.0007424039129367301
iL2,41331,0.0001322592,132.25920000000002,0.0009268854378756908
iL2,41760,0.000133632,133.632,0.0003479658194817633
iL2,42281,0.0001352992,135.2992,0.0008790462021432148
iL2,42712,0.0001366784,136.67839999999998,0.0004628408847438804
iL2,43236,0.0001383552,138.35520000000002,0.0006495615277192302
iL2,43678,0.0001397696,139.7696,0.001523358650114905
iL2,44008,0.0001408256,140.8256,0.000989675228618622
iL2,44435,0.000142192,142.192,0.00024643144988102135
iL2,44959,0.00014386880000000001,143.86880000000002,0.0007699378034568292
iL2,45395,0.000145264,145.264,0.0008023662508167813
iL2,45829,0.0001466528,146.65279999999998,0.0007028499370215621
iL2,46268,0.0001480576,148.0576,0.0011378192801106634
iL2,46689,0.0001494048,149.40480000000002,9.133479445340109e-05
iL2,47221,0.0001511072,151.1072,0.0007665241661284442
iL2,47657,0.0001525024,152.5024,0.00082877900764759
iL2,48090,0.000153888,153.888,0.0006156696453546625
iL2,48534,0.0001553088,155.3088,0.0018740179534173969
iL2,48854,0.0001563328,156.3328,-0.000249004596899122
iL2,49407,0.0001581024,158.1024,0.0019007601553828403
iL2,49726,0.00015912320000000001,159.12320000000003,-0.00029994858493043473
iL2,50285,0.000160912,160.912,0.0026952833942596177
iL2,50499,0.00016159680000000002,161.59680000000003,-0.0005006189675253405
iL2,51123,0.0001635936,163.5936,0.003137603149480097
iL2,51233,0.00016394560000000002,163.9456,0.0002980230184713281
iL2,51755,0.000165616,165.61599999999999,0.0008141650543708542
iL2,52189,0.0001670048,167.00480000000002,0.0006401802660170836
iL2,52631,0.00016841920000000002,168.41920000000002,0.0016058748779363746
iL2,52959,0.0001694688,169.46880000000002,0.000517821573634167
iL2,53491,0.0001711712,171.1712,-7.367450086226331e-05
iL2,54032,0.0001729024,172.9024,0.0010424438074343517
iL2,54456,0.0001742592,174.2592,0.00016820333637306025
iL2,54984,0.00017594880000000002,175.9488,0.0007380257839938587
iL2,55421,0.0001773472,177.3472,0.000933352812023866
iL2,55849,0.00017871680000000002,178.7168,0.00033831347431031083
iL2,56371,0.00018038720000000002,180.3872,0.0008699136055760676
iL2,56802,0.0001817664,181.7664,0.0004923526135048158
iL2,57329,0.00018345280000000002,183.45280000000002,0.00031349722955158866
iL2,57851,0.0001851232,185.1232,0.0008421130687121176
iL2,58283,0.00018650560000000002,186.50560000000002,0.0005521061147182694
iL2,58732,0.0001879424,187.9424,0.003586686281297103
iL2,58834,0.0001882688,188.2688,-0.0006010400351572457
iL2,59458,0.0001902656,190.2656,0.0018229977102363134
iL2,59779,0.0001912928,191.2928,-0.00015055394060723212
iL2,60325,0.00019304,193.04000000000002,0.0013114447251390575
iL2,60745,0.000194384,194.38400000000001,-0.00013661806321969014
iL2,61291,0.0001961312,196.1312,0.0012480406463617171
iL2,61710,0.000197472,197.472,9.812201572854528e-06
iL2,62246,0.00019918720000000002,199.18720000000002,0.000864817373440986
iL2,62677,0.0002005664,200.56640000000002,0.0004881666952729936
iL2,63204,0.00020225280000000002,202.2528,0.00035938806364509986
iL2,63725,0.00020392,203.92000000000002,0.0008878097783598522
iL2,64155,0.000205296,205.296,0.00043594675435435425
iL2,64677,0.0002069664,206.9664,0.0008094629076681053
iL2,65111,0.0002083552,208.3552,0.0006718494426812004
iL2,65552,0.0002097664,209.7664,0.0013196479049737316
iL2,65972,0.0002111104,211.1104,-0.00018775981478137251
iL2,66521,0.0002128672,212.8672,0.0014849987665618552
iL2,66853,0.0002139296,213.9296,0.0012439401624896197
iL2,67272,0.00021527040000000002,215.27040000000002,-4.852812689700856e-06
iL2,67809,0.00021698880000000002,216.98880000000003,0.000875446349664429
iL2,68240,0.000218368,218.368,0.00046217618029774376
iL2,68764,0.0002200448,220.0448,0.0006244084092099407
iL2,69207,0.00022146240000000002,221.4624,0.0017069432900487637
iL2,69532,0.00022250240000000002,222.50240000000002,0.0001545896314398403
iL2,70061,0.00022419520000000002,224.19520000000003,0.0007417756950073114
iL2,70498,0.00022559360000000002,225.5936,0.000950321657515747
iL2,70926,0.00022696320000000002,226.96320000000003,0.0003165995389291557
iL2,71447,0.0002286304,228.6304,0.0008397283656117112
iL2,71880,0.00023001600000000001,230.01600000000002,0.0005647004970336797
iL2,72328,0.00023144960000000001,231.4496,0.003119604384613551
iL2,72438,0.0002318016,231.8016,0.0003613770484547601
iL2,72959,0.0002334688,233.4688,0.0008794236308576495
iL2,73390,0.000234848,234.848,0.0004728200929980287
iL2,73914,0.0002365248,236.5248,0.0005773379604977875
iL2,74361,0.00023795520000000002,237.95520000000002,0.0024434828167860106
iL2,74579,0.0002386528,238.6528,0.00012816286719730469
iL2,75109,0.0002403488,240.3488,0.0007385623537735828
iL2,75546,0.00024174720000000002,241.74720000000002,0.0009340743832128891
iL2,75974,0.0002431168,243.1168,0.0003350899008239676
iL2,76496,0.0002447872,244.7872,0.0008701458568021141
iL2,76927,0.0002461664,246.1664,0.0004937478712831217
iL2,77455,0.000247856,247.85600000000002,0.00030555077299040045
iL2,77977,0.0002495264,249.5264,0.0008334813335251337
iL2,78410,0.000250912,250.912,0.0005966572381685203
iL2,78855,0.00025233600000000003,252.33600000000004,0.0021833107156722623
iL2,79079,0.00025305280000000003,253.05280000000002,0.001954638024452851
iL2,79397,0.0002540704,254.07039999999998,-0.0003922409322802189
iL2,80040,0.000256128,256.128,0.000438347708579643
iL2,80562,0.00025779840000000003,257.7984,0.0007923798867989057
iL2,80996,0.0002591872,259.18719999999996,0.000722743279126395
iL2,81435,0.00026059200000000003,260.59200000000004,0.0010470960255344385
iL2,81859,0.0002619488,261.9488,0.00017453073260623522
iL2,82387,0.0002636384,263.6384,0.0007451599402246758
iL2,82824,0.0002650368,265.0368,0.000939387072171799
iL2,83252,0.0002664064,266.40639999999996,0.0003368796613732828
iL2,83773,0.0002680736,268.0736,0.0008661313732557462
iL2,84204,0.0002694528,269.45279999999997,0.00048535550770078373
iL2,84731,0.0002711392,271.1392,0.000359383104052272
iL2,85252,0.00027280640000000003,272.80640000000005,0.0008906943065662197
iL2,85682,0.0002741824,274.18240000000003,0.0004242615943919707
iL2,86204,0.0002758528,275.8528,0.0008194063082710392
iL2,86637,0.0002772384,277.2384,0.0006206277491318563
iL2,87081,0.0002786592,278.6592,0.0017414124248999496
iL2,87404,0.0002796928,279.69280000000003,5.358962068973936e-05
iL2,87938,0.0002814016,281.40160000000003,0.0007988808599815988
iL2,88373,0.00028279360000000003,282.7936,0.0006995855666820236
iL2,88812,0.0002841984,284.1984,0.0011720387977849772
iL2,89232,0.0002855424,285.5424,6.543051317649651e-05
iL2,89765,0.000287248,287.248,0.0007827802009212653
iL2,90200,0.00028864,288.64,0.0007428425482361816
iL2,90637,0.00029003840000000003,290.0384,0.0009163132435720692
iL2,91066,0.0002914112,291.4112,0.00037632251348399437
iL2,91587,0.00029307840000000003,293.07840000000004,0.0008960113233714705
iL2,92017,0.0002944544,294.4544,0.00042686516954231423
iL2,92539,0.0002961248,296.1248,0.0008307118397936894
iL2,92972,0.0002975104,297.5104,0.0006104597530349695
iL2,93416,0.0002989312,298.9312,0.0019454701724751936
iL2,93735,0.00029995200000000003,299.95200000000006,-0.0003658221284970515
iL2,94380,0.000302016,302.016,7.811987305450844e-05
iL2,94912,0.0003037184,303.7184,0.0007832142427062424
iL2,95348,0.0003051136,305.1136,0.0007714535231905506
iL2,95783,0.00030650560000000004,306.5056,0.0008154953354614595
iL2,96217,0.0003078944,307.8944,0.0006367831114080921
iL2,96659,0.0003093088,309.3088,0.0016558269313832336
iL2,96986,0.0003103552,310.3552,0.00033889928699244314
iL2,97507,0.0003120224,312.0224,0.0008645817496947235
iL2,97938,0.00031340160000000003,313.40160000000003,0.0004965468777100647
iL2,98467,0.0003150944,315.0944,0.00021316542828483405
iL2,98993,0.0003167776,316.7776,0.0007569595545826573
iL2,99429,0.00031817280000000003,318.17280000000005,0.0008703421691484351
iL2,99860,0.000319552,319.552,0.0004772793780632375
