variable,peak_index,time_s,time_us,value
uC1,24,7.68e-08,0.0768,1.2431511511335378
uC1,134,4.2880000000000003e-07,0.4288,0.8683627592617554
uC1,245,7.84e-07,0.784,0.700368438329806
uC1,355,1.136e-06,1.136,0.6262078445075014
uC1,471,1.5072000000000002e-06,1.5072,1.029038114107542
uC1,581,1.8592000000000001e-06,1.8592000000000002,0.7762285488380166
uC1,693,2.2176e-06,2.2176,1.288862709656546
uC1,803,2.5696e-06,2.5696,0.889391467825061
uC1,913,2.9216e-06,2.9216,0.7105882362670393
uC1,1023,3.2736000000000003e-06,3.2736000000000005,0.635183519953672
uC1,1116,3.5712000000000002e-06,3.5712,1.488062252964122
uC1,1226,3.9232e-06,3.9232,0.9782607153203912
uC1,1336,4.2752e-06,4.2752,0.7494690261317893
uC1,1446,4.6272e-06,4.6272,0.6473010789822182
uC1,1645,5.264e-06,5.264,1.3558495871887317
uC1,1755,5.616e-06,5.616,0.9191889291082896
uC1,1865,5.968e-06,5.968,0.7234343752663354
uC1,1976,6.3232e-06,6.3232,0.6373736541569002
uC1,2082,6.6624e-06,6.6624,1.3154064499383047
uC1,2192,7.0144e-06,7.0144,0.901173398371347
uC1,2302,7.3664e-06,7.3664000000000005,0.7156155625276066
uC1,2413,7.7216e-06,7.7216000000000005,0.6353928044062704
uC1,2511,8.0352e-06,8.035200000000001,1.4447634838561834
uC1,2621,8.3872e-06,8.3872,0.9589112279355675
uC1,2731,8.739200000000001e-06,8.7392,0.7409126264185119
uC1,2841,9.0912e-06,9.0912,0.6438150548692809
uC1,3032,9.7024e-06,9.7024,1.326619376601156
uC1,3142,1.00544e-05,10.0544,0.9061696065260142
uC1,3252,1.0406400000000001e-05,10.406400000000001,0.7177751240443571
uC1,3362,1.07584e-05,10.7584,0.6357454661245947
uC1,3463,1.10816e-05,11.0816,1.4156691587297372
uC1,3573,1.14336e-05,11.4336,0.9459100479195821
uC1,3683,1.1785600000000001e-05,11.7856,0.7351765862519515
uC1,3793,1.21376e-05,12.1376,0.641562376729506
uC1,3908,1.2505600000000001e-05,12.505600000000001,0.6247634593557665
uC1,3988,1.27616e-05,12.7616,1.4053374447892466
uC1,4098,1.3113600000000001e-05,13.113600000000002,0.9412763839705411
uC1,4208,1.34656e-05,13.4656,0.7331187308715288
uC1,4318,1.3817600000000001e-05,13.8176,0.6407342923526002
uC1,4435,1.4192e-05,14.192,0.6411282977853408
uC1,4519,1.44608e-05,14.4608,1.5164028477698426
uC1,4629,1.48128e-05,14.8128,0.9909397545577828
uC1,4739,1.5164800000000001e-05,15.164800000000001,0.7550931267172503
uC1,4849,1.55168e-05,15.5168,0.6496537159028646
uC1,5055,1.6176e-05,16.176,1.3316187411448286
uC1,5165,1.6528e-05,16.528000000000002,0.9083892812023985
uC1,5275,1.688e-05,16.880000000000003,0.7187338426969192
uC1,5386,1.72352e-05,17.2352,0.6360375017127387
uC1,5487,1.75584e-05,17.558400000000002,1.404041750925158
uC1,5597,1.79104e-05,17.9104,0.9407096610122597
uC1,5707,1.82624e-05,18.2624,0.7328824685276373
uC1,5817,1.86144e-05,18.6144,0.640682340410264
uC1,5933,1.89856e-05,18.9856,0.6552755307072986
uC1,6021,1.92672e-05,19.267200000000003,1.5815969830306447
uC1,6131,1.96192e-05,19.6192,1.0201151477610977
uC1,6241,1.99712e-05,19.9712,0.7680642523866322
uC1,6352,2.03264e-05,20.3264,0.6552018178929091
uC1,6462,2.0678400000000002e-05,20.678400000000003,0.6058019777909871
uC1,6577,2.1046400000000002e-05,21.046400000000002,1.0475376577932063
uC1,6687,2.13984e-05,21.398400000000002,0.7838278288869306
uC1,6801,2.1763200000000002e-05,21.7632,1.0647141038784755
uC1,6912,2.21184e-05,22.1184,0.791147051739299
uC1,7023,2.24736e-05,22.4736,0.697502588505796
uC1,7119,2.27808e-05,22.7808,1.6658048323745842
uC1,7229,2.31328e-05,23.1328,1.0578490710100155
uC1,7339,2.34848e-05,23.4848,0.7848988019573566
uC1,7449,2.3836800000000002e-05,23.8368,0.6625342990930402
uC1,7559,2.41888e-05,24.1888,0.6082541448316341
uC1,7745,2.4784000000000002e-05,24.784000000000002,1.1515366172162191
uC1,7855,2.5136e-05,25.136000000000003,0.8286395699428618
uC1,7965,2.5488e-05,25.488,0.686252251449824
uC1,8070,2.5824000000000002e-05,25.824,1.4733101155041133
uC1,8180,2.6176e-05,26.176000000000002,0.9716768445480154
uC1,8290,2.6528e-05,26.528000000000002,0.7465640398502805
uC1,8400,2.688e-05,26.88,0.6461230929244783
uC1,8595,2.7504e-05,27.504,1.3525761250235848
uC1,8705,2.7856000000000002e-05,27.856,0.9177283526017352
uC1,8815,2.8208e-05,28.208000000000002,0.722795554990342
uC1,8926,2.85632e-05,28.563200000000002,0.6371678451092108
uC1,9032,2.89024e-05,28.9024,1.3290369636561195
uC1,9142,2.9254400000000002e-05,29.254400000000004,0.9072630895472417
uC1,9252,2.96064e-05,29.6064,0.7182689929801467
uC1,9362,2.99584e-05,29.9584,0.6359552517825263
uC1,9463,3.02816e-05,30.2816,1.4135295110833113
uC1,9573,3.0633600000000004e-05,30.633600000000005,0.9449578109126442
uC1,9683,3.0985600000000004e-05,30.985600000000005,0.7347594208907108
uC1,9793,3.13376e-05,31.337600000000002,0.6414056433847379
uC1,9909,3.1708800000000004e-05,31.708800000000004,0.6275987065318134
uC1,9989,3.19648e-05,31.964800000000004,1.4273628965169192
uC1,10099,3.23168e-05,32.3168,0.9511186108731414
uC1,10209,3.26688e-05,32.668800000000005,0.7374579400052269
uC1,10319,3.30208e-05,33.0208,0.6424139733246484
uC1,10511,3.36352e-05,33.6352,1.3280883036311932
uC1,10621,3.39872e-05,33.9872,0.9068327135726234
uC1,10731,3.43392e-05,34.3392,0.7180690677034327
uC1,10841,3.4691200000000004e-05,34.6912,0.6358313529303659
uC1,10942,3.50144e-05,35.0144,1.4109961225013605
uC1,11052,3.53664e-05,35.3664,0.9438236127414937
uC1,11162,3.57184e-05,35.7184,0.7342583800561534
uC1,11272,3.60704e-05,36.0704,0.6412121878760279
uC1,11388,3.64416e-05,36.4416,0.6321106010557652
uC1,11470,3.6704e-05,36.704,1.460075269176846
uC1,11580,3.7056e-05,37.056,0.9657496771605726
uC1,11690,3.7408e-05,37.408,0.7439289021040114
uC1,11800,3.7760000000000004e-05,37.760000000000005,0.6450158632354283
uC1,11993,3.83776e-05,38.3776,1.3437435322591689
uC1,12103,3.87296e-05,38.729600000000005,0.9137885220819977
uC1,12214,3.90848e-05,39.0848,0.7210918687742337
uC1,12324,3.94368e-05,39.4368,0.6366553536717151
uC1,12428,3.97696e-05,39.7696,1.3631750324323466
uC1,12538,4.01216e-05,40.1216,0.922478120170286
uC1,12648,4.04736e-05,40.4736,0.7248927637923708
uC1,12758,4.0825600000000004e-05,40.8256,0.6378653113114889
uC1,12866,4.11712e-05,41.171200000000006,1.2863680720630546
uC1,12976,4.15232e-05,41.5232,0.8882592288667773
uC1,13086,4.18752e-05,41.8752,0.7100696105800329
uC1,13197,4.22304e-05,42.2304,0.6349839915863443
uC1,13289,4.25248e-05,42.524800000000006,1.4872569709473706
uC1,13399,4.28768e-05,42.8768,0.977893484013098
uC1,13509,4.32288e-05,43.2288,0.7493015441286109
uC1,13620,4.3584e-05,43.584,0.6472283405437185
uC1,13819,4.42208e-05,44.220800000000004,1.3558995976049952
uC1,13929,4.45728e-05,44.5728,0.9192343373875541
uC1,14039,4.49248e-05,44.9248,0.7234724560238001
uC1,14149,4.52768e-05,45.2768,0.6373847606197086
uC1,14256,4.56192e-05,45.6192,1.3149076674350975
uC1,14366,4.5971200000000005e-05,45.9712,0.9009738189353685
uC1,14476,4.6323200000000004e-05,46.32320000000001,0.7155489703941934
uC1,14586,4.66752e-05,46.675200000000004,0.6353850604452479
uC1,14684,4.69888e-05,46.9888,1.445501773789894
uC1,14794,4.73408e-05,47.3408,0.9592396167481901
uC1,14904,4.76928e-05,47.6928,0.741056727967274
uC1,15014,4.8044800000000005e-05,48.0448,0.6438715362924966
uC1,15205,4.8656e-05,48.656000000000006,1.3272651411195615
uC1,15315,4.9008e-05,49.008,0.9064538617754717
uC1,15425,4.936e-05,49.36,0.7178953820753537
uC1,15535,4.9712e-05,49.712,0.6357640986228674
uC1,15636,5.0035200000000005e-05,50.0352,1.41399346399634
uC1,15746,5.0387200000000004e-05,50.38720000000001,0.9451549367339587
uC1,15856,5.0739200000000004e-05,50.739200000000004,0.7348394822715397
uC1,15966,5.10912e-05,51.0912,0.6414256787767428
uC1,16082,5.1462400000000004e-05,51.4624,0.6271051057899473
uC1,16162,5.17184e-05,51.7184,1.423277472233183
uC1,16272,5.20704e-05,52.0704,0.9492868971121806
uC1,16382,5.24224e-05,52.4224,0.7366452675292575
uC1,16493,5.27776e-05,52.7776,0.6421081292589584
uC1,16685,5.3392e-05,53.392,1.3394351105710796
uC1,16795,5.3744e-05,53.744,0.9118905242843979
uC1,16905,5.4096000000000005e-05,54.096000000000004,0.7202672357275953
uC1,17015,5.4448000000000005e-05,54.44800000000001,0.6364079765310706
uC1,17118,5.47776e-05,54.7776,1.3769879420337565
uC1,17228,5.51296e-05,55.1296,0.928634441344648
uC1,17338,5.54816e-05,55.4816,0.7275822317898772
uC1,17448,5.58336e-05,55.8336,0.6387629443210187
uC1,17560,5.6192e-05,56.192,1.1971916721589448
uC1,17670,5.6544e-05,56.544,0.848740589774907
uC1,17780,5.6896e-05,56.896,0.6937116811386131
uC1,17892,5.7254400000000005e-05,57.254400000000004,1.2288636507207606
uC1,18002,5.7606400000000005e-05,57.60640000000001,0.8627417486229553
uC1,18112,5.7958400000000004e-05,57.958400000000005,0.6993524417312522
uC1,18225,5.8320000000000004e-05,58.32000000000001,0.6551664133996046
uC1,18314,5.8604800000000005e-05,58.604800000000004,1.5807631121206616
uC1,18424,5.8956800000000004e-05,58.9568,1.0197660781555244
uC1,18534,5.9308800000000004e-05,59.308800000000005,0.7679224437475686
uC1,18644,5.96608e-05,59.6608,0.6551465323172048
uC1,18754,6.00128e-05,60.012800000000006,0.6057879775795867
uC1,18869,6.03808e-05,60.3808,1.0590855456010948
uC1,18979,6.07328e-05,60.732800000000005,0.7886981326578427
uC1,19091,6.10912e-05,61.0912,0.7137785691803542
uC1,19189,6.14048e-05,61.4048,1.6787387480371703
uC1,19299,6.17568e-05,61.7568,1.063645634972039
uC1,19409,6.21088e-05,62.108799999999995,0.7874876379179458
uC1,19519,6.24608e-05,62.4608,0.6636710825956169
uC1,19629,6.28128e-05,62.812799999999996,0.608687169239074
uC1,19818,6.341760000000001e-05,63.41760000000001,1.1954811380309145
uC1,19928,6.376960000000001e-05,63.769600000000004,0.8479697721946606
uC1,20038,6.41216e-05,64.1216,0.6933714597447854
uC1,20150,6.448e-05,64.48,1.2340757267558624
uC1,20260,6.4832e-05,64.83200000000001,0.865049992222364
uC1,20370,6.5184e-05,65.18400000000001,0.7003027570670566
uC1,20483,6.55456e-05,65.5456,0.6480756864676525
uC1,20570,6.5824e-05,65.824,1.5538082154886392
uC1,20680,6.6176e-05,66.176,1.0076841270328987
uC1,20790,6.6528e-05,66.52799999999999,0.7625376616272103
uC1,20900,6.688e-05,66.88,0.6528249436631037
uC1,21010,6.7232e-05,67.232,0.6052119805035984
uC1,21116,6.757120000000001e-05,67.5712,1.234994770524289
uC1,21226,6.792320000000001e-05,67.92320000000001,0.8654423580452009
uC1,21336,6.82752e-05,68.27520000000001,0.7004357902202636
uC1,21449,6.86368e-05,68.6368,0.6458339230353546
uC1,21536,6.89152e-05,68.9152,1.54451353075798
uC1,21646,6.92672e-05,69.2672,1.0035314688967738
uC1,21756,6.96192e-05,69.61919999999999,0.7606951724345454
uC1,21866,6.99712e-05,69.9712,0.6520407232943717
uC1,21976,7.03232e-05,70.3232,0.6050778165421085
uC1,22079,7.06528e-05,70.6528,1.2677268492230744
uC1,22189,7.10048e-05,71.0048,0.8799629692786896
uC1,22299,7.13568e-05,71.3568,0.7065211116909057
uC1,22410,7.171200000000001e-05,71.712,0.6357360233797575
uC1,22500,7.2e-05,72.0,1.5017345758507104
uC1,22610,7.2352e-05,72.352,0.9843807481477934
uC1,22720,7.2704e-05,72.704,0.752185162024076
uC1,22830,7.3056e-05,73.056,0.6484361566496889
uC1,23033,7.37056e-05,73.7056,1.349322883453815
uC1,23143,7.40576e-05,74.0576,0.9163025182978142
uC1,23253,7.44096e-05,74.4096,0.7221946689736622
uC1,23363,7.47616e-05,74.7616,0.6369958482246567
uC1,23468,7.50976e-05,75.0976,1.3441177868990666
uC1,23578,7.54496e-05,75.4496,0.9139759324443701
uC1,23688,7.58016e-05,75.80160000000001,0.7211803011953819
uC1,23798,7.61536e-05,76.1536,0.6367124800078798
uC1,23902,7.64864e-05,76.4864,1.3684081170346731
uC1,24012,7.68384e-05,76.8384,0.9248066471243047
uC1,24122,7.71904e-05,77.1904,0.7259065901908552
uC1,24232,7.75424e-05,77.5424,0.638191154188458
uC1,24342,7.78944e-05,77.8944,1.2568731677306337
uC1,24452,7.82464e-05,78.2464,0.875169426583495
uC1,24562,7.85984e-05,78.5984,0.7045288185776178
uC1,24673,7.89536e-05,78.95360000000001,0.6372771546815632
uC1,24761,7.92352e-05,79.23519999999999,1.5099004958553008
uC1,24871,7.958720000000001e-05,79.58720000000001,0.988034487081055
uC1,24981,7.993920000000001e-05,79.93920000000001,0.7538065196399036
uC1,25091,8.029120000000001e-05,80.2912,0.6491163969736795
uC1,25296,8.09472e-05,80.9472,1.3411412421731783
uC1,25406,8.129920000000001e-05,81.29920000000001,0.9126554029042333
uC1,25516,8.165120000000001e-05,81.6512,0.7206067262373731
uC1,25626,8.200320000000001e-05,82.0032,0.6365357387752789
uC1,25729,8.23328e-05,82.33279999999999,1.3743982755245367
uC1,25839,8.26848e-05,82.6848,0.927474354603024
uC1,25949,8.30368e-05,83.0368,0.7270704348372299
uC1,26059,8.33888e-05,83.3888,0.6385774213903661
uC1,26170,8.3744e-05,83.744,1.2164615481602967
uC1,26280,8.4096e-05,84.096,0.857239954676927
uC1,26391,8.445120000000001e-05,84.45120000000001,0.6970905698537607
uC1,26506,8.48192e-05,84.81920000000001,0.8215946455789028
uC1,26614,8.51648e-05,85.1648,1.5426285032012603
uC1,26724,8.55168e-05,85.5168,1.0026838250401506
uC1,26834,8.58688e-05,85.8688,0.7603252124891006
uC1,26944,8.62208e-05,86.2208,0.6519091770875426
uC1,27055,8.6576e-05,86.57600000000001,0.6052735564129943
uC1,27156,8.689920000000001e-05,86.89920000000001,1.2953434943564086
uC1,27266,8.725120000000001e-05,87.25120000000001,0.8922617878131665
uC1,27376,8.760320000000001e-05,87.60320000000002,0.7117905390567952
uC1,27486,8.795520000000001e-05,87.9552,0.6348994162293147
uC1,27580,8.8256e-05,88.256,1.4757999877470378
uC1,27690,8.8608e-05,88.608,0.9727678953434298
uC1,27801,8.896320000000001e-05,88.96320000000001,0.7470359881688665
uC1,27911,8.931520000000001e-05,89.3152,0.646305642016947
uC1,28107,8.99424e-05,89.9424,1.3545812485534472
uC1,28217,9.02944e-05,90.2944,0.9186338907937343
uC1,28327,9.06464e-05,90.6464,0.7232008308770244
uC1,28437,9.09984e-05,90.9984,0.6372768157914885
uC1,28544,9.13408e-05,91.3408,1.3215695769052809
uC1,28654,9.16928e-05,91.6928,0.9039368528980404
uC1,28764,9.20448e-05,92.04480000000001,0.7168277712619228
uC1,28874,9.23968e-05,92.3968,0.6356293128046239
uC1,28973,9.27136e-05,92.7136,1.4317340736842668
uC1,29083,9.30656e-05,93.0656,0.9530765354112765
uC1,29193,9.34176e-05,93.41760000000001,0.7383286344898713
uC1,29303,9.37696e-05,93.76960000000001,0.6427770661891699
uC1,29494,9.43808e-05,94.38080000000001,1.3247420341669118
uC1,29604,9.47328e-05,94.7328,0.905322244862353
uC1,29714,9.50848e-05,95.0848,0.7173970359997819
uC1,29825,9.544000000000001e-05,95.44000000000001,0.6356705326356042
uC1,29925,9.576e-05,95.76,1.4197038176774408
uC1,30035,9.6112e-05,96.11200000000001,0.947711022966362
uC1,30145,9.6464e-05,96.464,0.7359691607650087
uC1,30255,9.6816e-05,96.816,0.641866426458997
uC1,30370,9.718400000000001e-05,97.18400000000001,0.6204451564031264
uC1,30449,9.743680000000001e-05,97.4368,1.371049631199135
uC1,30559,9.778880000000001e-05,97.78880000000001,0.9259865354405288
uC1,30669,9.814080000000001e-05,98.14080000000001,0.726418320139338
uC1,30779,9.84928e-05,98.4928,0.6383334948228184
uC1,30889,9.88448e-05,98.8448,1.2261950197599658
uC1,31000,9.92e-05,99.2,0.861562305632565
uC1,31110,9.9552e-05,99.55199999999999,0.6988776000530557
uC1,31222,9.99104e-05,99.9104,0.6584784900274343
uC1,31312,0.0001001984,100.1984,1.5924127367585543
uC1,31422,0.0001005504,100.55040000000001,1.024983715265282
uC1,31532,0.0001009024,100.9024,0.7702468375408054
uC1,31642,0.0001012544,101.2544,0.656151500152434
uC1,31752,0.0001016064,101.60640000000001,0.6060754026825135
uC1,31872,0.0001019904,101.99040000000001,0.8229907980125809
uC1,31980,0.000102336,102.336,1.5363073261836206
uC1,32090,0.000102688,102.688,0.9998595399602012
uC1,32200,0.00010304,103.04,0.7590730164150825
uC1,32310,0.000103392,103.392,0.6513801006621177
uC1,32421,0.00010374720000000001,103.7472,0.605209797867868
uC1,32520,0.000104064,104.064,1.3107057379357765
uC1,32630,0.000104416,104.416,0.8990951194694249
uC1,32740,0.000104768,104.768,0.7147286499085242
uC1,32850,0.00010512000000000001,105.12,0.6351986176146924
uC1,32947,0.0001054304,105.4304,1.452232488849339
uC1,33057,0.0001057824,105.7824,0.9622347572566666
uC1,33167,0.0001061344,106.1344,0.7423713902106724
uC1,33277,0.0001064864,106.4864,0.6443869116223964
uC1,33469,0.0001071008,107.1008,1.3344091742438966
uC1,33579,0.0001074528,107.4528,0.9096281482755257
uC1,33690,0.00010780800000000001,107.808,0.7192719372876214
uC1,33800,0.00010816000000000001,108.16000000000001,0.6361484263613012
uC1,33902,0.0001084864,108.4864,1.3935779612775518
uC1,34012,0.0001088384,108.83840000000001,0.936044116472031
uC1,34122,0.0001091904,109.19040000000001,0.7308364129229985
uC1,34232,0.0001095424,109.5424,0.6399322070826828
uC1,34349,0.0001099168,109.9168,0.951832650686225
uC1,34459,0.00011026880000000001,110.26880000000001,0.7495791706788153
uC1,34563,0.00011060160000000001,110.6016,1.6152721692253993
uC1,34673,0.00011095360000000001,110.95360000000001,1.0352089133271059
uC1,34783,0.00011130560000000001,111.30560000000001,0.774801405051944
uC1,34893,0.0001116576,111.6576,0.6581346098584953
uC1,35004,0.0001120128,112.0128,0.6067450938416433
uC1,35126,0.0001124032,112.4032,0.6225672680071226
uC1,35205,0.000112656,112.656,1.3686914904788805
uC1,35315,0.000113008,113.008,0.924934317012578
uC1,35425,0.00011336,113.36,0.7259574525360347
uC1,35535,0.000113712,113.712,0.6381755214469427
uC1,35645,0.000114064,114.064,1.2418529322149998
uC1,35755,0.00011441600000000001,114.41600000000001,0.86850104189967
uC1,35865,0.00011476800000000001,114.76800000000001,0.7017331887846558
uC1,35977,0.00011512640000000001,115.1264,0.6419296154098113
uC1,36064,0.00011540480000000001,115.40480000000001,1.5283966170740668
uC1,36174,0.00011575680000000001,115.75680000000001,0.9963182045727221
uC1,36284,0.00011610880000000001,116.1088,0.7574890941567382
uC1,36394,0.00011646080000000001,116.4608,0.6506759247106295
uC1,36504,0.00011681280000000001,116.81280000000001,0.6048993983156917
uC1,36603,0.00011712960000000001,117.12960000000001,1.3104495368310436
uC1,36713,0.00011748160000000001,117.48160000000001,0.8989725544140211
uC1,36823,0.00011783360000000001,117.8336,0.7146684870954867
uC1,36933,0.00011818560000000001,118.18560000000001,0.6351629874655598
uC1,37031,0.0001184992,118.4992,1.4528416844452254
uC1,37141,0.0001188512,118.8512,0.9625259759284086
uC1,37251,0.0001192032,119.20320000000001,0.742512278178261
uC1,37361,0.0001195552,119.5552,0.6444601833711622
uC1,37553,0.00012016960000000001,120.1696,1.33538347144619
uC1,37663,0.00012052160000000001,120.5216,0.9100799938379719
uC1,37773,0.00012087360000000001,120.87360000000001,0.7194775272654874
uC1,37883,0.00012122560000000001,121.2256,0.6361921085302413
uC1,37985,0.000121552,121.552,1.3910957260491623
uC1,38095,0.000121904,121.90400000000001,0.9349217753089735
uC1,38205,0.000122256,122.256,0.730332672946463
uC1,38316,0.0001226112,122.6112,0.6397459970064805
uC1,38432,0.0001229824,122.9824,1.0201379403535142
uC1,38542,0.0001233344,123.33440000000002,0.772636360250349
uC1,38653,0.0001236896,123.6896,1.353100393145467
uC1,38763,0.00012404160000000002,124.04160000000002,0.9179998405584474
uC1,38873,0.0001243936,124.3936,0.7229579224607969
uC1,38983,0.00012474560000000001,124.74560000000001,0.6373402727663257
uC1,39088,0.0001250816,125.0816,1.345496440504774
uC1,39198,0.0001254336,125.4336,0.9145866352000852
uC1,39308,0.00012578560000000002,125.78560000000002,0.7214430096749832
uC1,39418,0.0001261376,126.1376,0.6367792731011389
uC1,39522,0.0001264704,126.4704,1.3631868166094967
uC1,39633,0.0001268256,126.8256,0.9224736186277728
uC1,39743,0.0001271776,127.17760000000001,0.7248956473260998
uC1,39853,0.0001275296,127.52959999999999,0.6378743901423375
uC1,39961,0.0001278752,127.87519999999999,1.2849249907897708
uC1,40071,0.0001282272,128.2272,0.8876248292908944
uC1,40181,0.00012857920000000002,128.57920000000001,0.7098057696632424
uC1,40292,0.0001289344,128.9344,0.6349898856093042
uC1,40384,0.0001292288,129.2288,1.4889084332841065
uC1,40494,0.00012958080000000002,129.5808,0.978645781891239
uC1,40604,0.0001299328,129.93280000000001,0.749643753050588
uC1,40714,0.00013028480000000002,130.28480000000002,0.6473783960758116
uC1,40913,0.0001309216,130.9216,1.355753251313568
uC1,41023,0.00013127360000000002,131.27360000000002,0.9191476397014935
uC1,41133,0.0001316256,131.6256,0.7234178968441739
uC1,41244,0.0001319808,131.9808,0.6373602372404524
uC1,41350,0.00013232,132.32,1.3162392702628543
uC1,41460,0.000132672,132.672,0.9015470198330866
uC1,41570,0.000133024,133.024,0.7157798764293557
uC1,41681,0.0001333792,133.3792,0.6354136306444955
uC1,41779,0.0001336928,133.6928,1.4432752980345218
uC1,41889,0.0001340448,134.04479999999998,0.9582448375140988
uC1,41999,0.0001343968,134.3968,0.7406174959478758
uC1,42109,0.0001347488,134.7488,0.643696129889171
uC1,42300,0.00013536,135.36,1.325281789168767
uC1,42410,0.00013571200000000002,135.71200000000002,0.9055754223218265
uC1,42520,0.000136064,136.064,0.7175188807405654
uC1,42630,0.00013641600000000002,136.41600000000003,0.6356892547304324
uC1,42731,0.0001367392,136.73919999999998,1.4186937979573293
uC1,42841,0.0001370912,137.09120000000001,0.9472687074175496
uC1,42951,0.0001374432,137.4432,0.7357796248469948
uC1,43061,0.0001377952,137.7952,0.6417999293438335
uC1,43176,0.0001381632,138.1632,0.6210822503546836
uC1,43255,0.000138416,138.41600000000003,1.3759789144674774
uC1,43365,0.000138768,138.768,0.9281888593324573
uC1,43475,0.00013912,139.12,0.7273846728158996
uC1,43585,0.000139472,139.472,0.6386692213279815
uC1,43697,0.0001398304,139.8304,1.187632380984141
uC1,43807,0.0001401824,140.1824,0.8445286343547311
uC1,43917,0.0001405344,140.5344,0.6920808054304748
uC1,44027,0.0001408864,140.8864,1.3041041868324774
uC1,44137,0.0001412384,141.23839999999998,0.8961499786359538
uC1,44247,0.0001415904,141.59040000000002,0.713460218831736
uC1,44358,0.0001419456,141.94559999999998,0.6351452842904325
uC1,44453,0.00014224960000000001,142.24960000000002,1.4664133367588688
uC1,44563,0.0001426016,142.6016,0.9685711049046362
uC1,44673,0.0001429536,142.95360000000002,0.7451717466372751
uC1,44784,0.0001433088,143.30880000000002,0.6455411203493792
uC1,44978,0.0001439296,143.92960000000002,1.3489652583717802
uC1,45088,0.0001442816,144.2816,0.9161286956473075
uC1,45198,0.0001446336,144.6336,0.7221067997899973
uC1,45308,0.0001449856,144.9856,0.6369350569693767
uC1,45413,0.0001453216,145.3216,1.344534457437246
uC1,45523,0.00014567360000000001,145.67360000000002,0.9141480675820773
uC1,45634,0.0001460288,146.02880000000002,0.7212549114024012
uC1,45744,0.0001463808,146.3808,0.6367529333008524
uC1,45848,0.00014671360000000002,146.7136,1.3658416135013725
uC1,45958,0.0001470656,147.06560000000002,0.9236711397032097
uC1,46068,0.00014741760000000002,147.41760000000002,0.7254167574571194
uC1,46178,0.0001477696,147.7696,0.6380421951076922
uC1,46287,0.0001481184,148.1184,1.271087335306106
uC1,46397,0.0001484704,148.47039999999998,0.8814804673145786
uC1,46507,0.0001488224,148.82240000000002,0.7071946368412437
uC1,46618,0.0001491776,149.1776,0.6355678078007971
uC1,46708,0.0001494656,149.4656,1.4998478671734279
uC1,46818,0.0001498176,149.8176,0.9835458800697358
uC1,46928,0.0001501696,150.1696,0.7518200764387002
uC1,47038,0.0001505216,150.52159999999998,0.6482885769590107
uC1,47240,0.000151168,151.168,1.350792842903108
uC1,47350,0.00015152,151.52,0.9169527387978742
uC1,47460,0.000151872,151.87199999999999,0.72247461698793
uC1,47570,0.000152224,152.22400000000002,0.6370737601097234
uC1,47675,0.00015256000000000002,152.56000000000003,1.3386205269846907
uC1,47786,0.0001529152,152.9152,0.9115331054240499
uC1,47896,0.0001532672,153.2672,0.7201258269208881
uC1,48006,0.0001536192,153.6192,0.6364366220287991
uC1,48108,0.00015394560000000002,153.9456,1.38529608875059
uC1,48218,0.0001542976,154.29760000000002,0.9323302778004354
uC1,48329,0.0001546528,154.65279999999998,0.7292113251658942
uC1,48439,0.0001550048,155.00480000000002,0.6393530247986414
uC1,48553,0.0001553696,155.3696,1.1121909526888745
uC1,48663,0.0001557216,155.72160000000002,0.8114909554935537
uC1,48773,0.0001560736,156.0736,0.6817535127668635
uC1,48872,0.0001563904,156.3904,1.5785115402309555
uC1,48982,0.0001567424,156.7424,1.0187387748841827
uC1,49092,0.0001570944,157.0944,0.7674569140638215
uC1,49202,0.0001574464,157.4464,0.6549438078515287
uC1,49313,0.00015780160000000002,157.8016,0.6057721280284462
uC1,49426,0.0001581632,158.1632,1.1057105300218546
uC1,49536,0.0001585152,158.51520000000002,0.8086632999138612
uC1,49647,0.0001588704,158.8704,0.6813317450011506
uC1,49745,0.000159184,159.18400000000003,1.5900573515867285
uC1,49855,0.000159536,159.536,1.0239214250847521
uC1,49965,0.000159888,159.888,0.7697720134961137
uC1,50075,0.00016024,160.24,0.6559497264619107
uC1,50185,0.000160592,160.592,0.6060395558682248
uC1,50303,0.0001609696,160.96959999999999,0.939407114453437
uC1,50414,0.00016132480000000002,161.3248,0.7484643491539801
uC1,50517,0.0001616544,161.6544,1.6397443401081118
uC1,50627,0.0001620064,162.00639999999999,1.0461815850289837
uC1,50737,0.0001623584,162.35840000000002,0.7796997781800992
uC1,50847,0.0001627104,162.7104,0.6602715719724886
uC1,50957,0.0001630624,163.0624,0.6074656952130563
uC1,51141,0.0001636512,163.6512,0.8461815755316894
uC1,51252,0.00016400640000000002,164.0064,1.4601068137065014
uC1,51362,0.0001643584,164.3584,0.9657880892734749
uC1,51472,0.00016471040000000001,164.71040000000002,0.74397507040639
uC1,51582,0.0001650624,165.0624,0.6451080357060066
uC1,51774,0.00016567680000000002,165.67680000000001,1.338918478471535
uC1,51884,0.0001660288,166.02880000000002,0.9116461093358935
uC1,51994,0.00016638080000000002,166.38080000000002,0.7201507699682707
uC1,52104,0.0001667328,166.7328,0.6363531224803946
uC1,52207,0.0001670624,167.0624,1.3799492821988217
uC1,52317,0.0001674144,167.4144,0.9299440959542632
uC1,52428,0.0001677696,167.7696,0.7281620993893393
uC1,52538,0.0001681216,168.1216,0.6389818803383058
uC1,52650,0.00016848,168.48000000000002,1.1690684886825613
uC1,52760,0.000168832,168.832,0.836338477098418
uC1,52870,0.000169184,169.18400000000003,0.6889766366658181
uC1,52978,0.0001695296,169.52960000000002,1.407513037743019
uC1,53088,0.0001698816,169.8816,0.9422748060195482
uC1,53198,0.0001702336,170.2336,0.7335845812093845
uC1,53308,0.0001705856,170.5856,0.6409797099221927
uC1,53424,0.0001709568,170.9568,0.6449719627217914
uC1,53509,0.0001712288,171.2288,1.5362939317667954
uC1,53619,0.0001715808,171.5808,0.9998308646277548
uC1,53730,0.000171936,171.936,0.7590484932292246
uC1,53840,0.00017228800000000001,172.288,0.6513392669920399
uC1,53950,0.00017264,172.64,0.6049693219431828
uC1,54051,0.0001729632,172.9632,1.2903993772146585
uC1,54161,0.00017331520000000002,173.3152,0.8900510068655162
uC1,54271,0.0001736672,173.6672,0.7108325711093882
uC1,54382,0.0001740224,174.0224,0.6348742346891418
uC1,54475,0.00017432,174.32,1.4823785753114773
uC1,54585,0.000174672,174.672,0.9757213334153986
uC1,54695,0.000175024,175.024,0.748345394735918
uC1,54805,0.000175376,175.376,0.646837413121261
uC1,55003,0.00017600960000000002,176.0096,1.3561921936334793
uC1,55113,0.0001763616,176.3616,0.9193530559724973
uC1,55223,0.00017671360000000002,176.7136,0.7235156254484688
uC1,55333,0.0001770656,177.0656,0.6373791633992099
uC1,55440,0.00017740800000000002,177.40800000000002,1.3147954633253927
uC1,55550,0.00017776,177.76000000000002,0.9009120240917351
uC1,55660,0.00017811200000000002,178.11200000000002,0.7155129672202153
uC1,55770,0.000178464,178.464,0.6353507208924217
uC1,55868,0.00017877760000000001,178.7776,1.446282567511872
uC1,55978,0.0001791296,179.1296,0.9595774409512993
uC1,56088,0.0001794816,179.48160000000001,0.7411985369273377
uC1,56198,0.0001798336,179.8336,0.6439174699010499
uC1,56390,0.00018044800000000002,180.448,1.3279493519132524
uC1,56500,0.0001808,180.8,0.9067712711409379
uC1,56610,0.00018115200000000002,181.15200000000002,0.7180433601021684
uC1,56720,0.000181504,181.504,0.6358308664645443
uC1,56821,0.0001818272,181.8272,1.4117584235497829
uC1,56931,0.00018217920000000002,182.1792,0.9441651913100134
uC1,57041,0.0001825312,182.5312,0.7344094594377837
uC1,57151,0.00018288320000000002,182.88320000000002,0.6412707355277457
uC1,57267,0.00018325440000000002,183.25440000000003,0.63062129596484
uC1,57348,0.00018351360000000002,183.51360000000003,1.4494899738752274
uC1,57458,0.0001838656,183.8656,0.9610049077851277
uC1,57568,0.00018421760000000002,184.2176,0.7418221365149439
uC1,57678,0.0001845696,184.5696,0.6441497932527215
uC1,57870,0.000185184,185.184,1.3327045645434779
uC1,57980,0.000185536,185.536,0.908874607841904
uC1,58090,0.00018588800000000002,185.88800000000003,0.7189437909696206
uC1,58201,0.0001862432,186.2432,0.6360373734964017
uC1,58302,0.00018656640000000002,186.56640000000002,1.3989847915087157
uC1,58412,0.0001869184,186.9184,0.9384469257182958
uC1,58522,0.00018727040000000002,187.27040000000002,0.7318839236298585
uC1,58632,0.0001876224,187.6224,0.6403021236442703
uC1,58750,0.00018800000000000002,188.00000000000003,0.7545814212337423
uC1,58853,0.0001883296,188.3296,1.6631616419128683
uC1,58963,0.00018868160000000002,188.68160000000003,1.056679835064459
uC1,59073,0.0001890336,189.0336,0.7843874066594227
uC1,59183,0.00018938560000000002,189.3856,0.6623225735963367
uC1,59293,0.0001897376,189.73760000000001,0.6082071442633461
uC1,59477,0.0001903264,190.3264,1.121626614094641
uC1,59587,0.0001906784,190.6784,0.8155588906919146
uC1,59698,0.0001910336,191.0336,0.6824188678224528
uC1,59798,0.0001913536,191.3536,1.5569422246767712
uC1,59908,0.0001917056,191.7056,1.0090923178381082
uC1,60018,0.0001920576,192.0576,0.7631701391018986
uC1,60128,0.0001924096,192.4096,0.6531079450575922
uC1,60238,0.0001927616,192.7616,0.6053305960997281
uC1,60345,0.000193104,193.104,1.2332056319042006
uC1,60455,0.000193456,193.456,0.864673638024687
uC1,60565,0.000193808,193.80800000000002,0.7001473848045928
uC1,60677,0.0001941664,194.1664,0.6473230564870126
uC1,60764,0.0001944448,194.4448,1.550644877640185
uC1,60874,0.0001947968,194.79680000000002,1.0062652877670935
uC1,60984,0.0001951488,195.1488,0.7619049244837429
uC1,61094,0.0001955008,195.5008,0.6525524264792872
uC1,61205,0.000195856,195.856,0.6051562666033145
uC1,61310,0.000196192,196.192,1.2469441139292063
uC1,61420,0.000196544,196.54399999999998,0.8707625901765057
uC1,61530,0.000196896,196.89600000000002,0.7026754492817601
uC1,61641,0.0001972512,197.2512,0.6395210597747898
uC1,61728,0.00019752960000000001,197.52960000000002,1.5187475079828958
uC1,61838,0.0001978816,197.8816,0.991983813069535
uC1,61948,0.0001982336,198.23360000000002,0.7555541357928834
uC1,62058,0.0001985856,198.5856,0.649846618314972
uC1,62169,0.00019894080000000002,198.94080000000002,0.6048555617597301
uC1,62265,0.00019924800000000001,199.24800000000002,1.3286506528442013
uC1,62375,0.0001996,199.6,0.9070747296641688
uC1,62485,0.000199952,199.95200000000003,0.7181707975832428
uC1,62595,0.000200304,200.304,0.6358653928302092
uC1,62696,0.0002006272,200.62720000000002,1.4126111897436007
uC1,62806,0.00020097920000000002,200.97920000000002,0.9445338569706831
uC1,62916,0.0002013312,201.3312,0.7345632863553362
uC1,63026,0.00020168320000000001,201.68320000000003,0.6413150539279939
uC1,63142,0.00020205440000000001,202.05440000000002,0.6291748522692626
uC1,63223,0.00020231360000000001,202.3136,1.4389967195604167
uC1,63333,0.0002026656,202.6656,0.9563152001378905
uC1,63443,0.0002030176,203.01760000000002,0.7397501772970573
uC1,63553,0.0002033696,203.3696,0.6433188361116838
uC1,63744,0.0002039808,203.98080000000002,1.3226500160265464
uC1,63854,0.0002043328,204.3328,0.9043947868115013
uC1,63964,0.0002046848,204.6848,0.7169996180532107
uC1,64075,0.00020504,205.04,0.6355684522208193
uC1,64174,0.00020535680000000002,205.35680000000002,1.425095132266192
uC1,64284,0.0002057088,205.7088,0.9501082231088107
uC1,64394,0.00020606080000000002,206.06080000000003,0.7370178349814227
uC1,64504,0.0002064128,206.4128,0.6422602605120626
uC1,64696,0.0002070272,207.0272,1.340751155295855
uC1,64807,0.00020738240000000002,207.38240000000002,0.9124592004324137
uC1,64917,0.0002077344,207.7344,0.720515647883387
uC1,65027,0.00020808640000000001,208.08640000000003,0.6364790373853866
uC1,65130,0.000208416,208.416,1.3723033316414737
uC1,65240,0.00020876800000000002,208.76800000000003,0.9265382858468374
uC1,65350,0.00020912,209.12,0.7266594174333655
uC1,65460,0.00020947200000000002,209.472,0.6384336182555316
uC1,65571,0.0002098272,209.8272,1.2312567367431084
uC1,65681,0.0002101792,210.1792,0.8638051527785757
uC1,65791,0.0002105312,210.5312,0.6997887419396489
uC1,65903,0.0002108896,210.8896,0.6503155556810344
uC1,65991,0.0002111712,211.1712,1.5627416756701757
uC1,66101,0.00021152320000000001,211.5232,1.01168066238096
uC1,66211,0.0002118752,211.8752,0.7643142130091791
uC1,66321,0.0002122272,212.2272,0.6535855214807443
uC1,66432,0.0002125824,212.5824,0.6053729655916402
uC1,66540,0.000212928,212.928,1.194551163415975
uC1,66650,0.00021328000000000002,213.28000000000003,0.8475602302296278
uC1,66760,0.000213632,213.632,0.6932192744897546
uC1,66872,0.0002139904,213.9904,1.2479525737088264
uC1,66982,0.00021434240000000002,214.34240000000003,0.8712049064161159
uC1,67092,0.0002146944,214.6944,0.7028651038257139
uC1,67204,0.0002150528,215.0528,0.6398415771449665
uC1,67291,0.00021533120000000002,215.33120000000002,1.520229485161744
uC1,67401,0.0002156832,215.6832,0.9926573924065497
uC1,67511,0.00021603520000000001,216.0352,0.7558596277225731
uC1,67621,0.0002163872,216.3872,0.6499827907347351
uC1,67731,0.00021673920000000001,216.7392,0.6048446041485921
uC1,67828,0.00021704960000000002,217.04960000000003,1.3264171201446684
uC1,67938,0.0002174016,217.4016,0.9060808256674051
uC1,68048,0.00021775360000000002,217.7536,0.717740793869053
uC1,68158,0.0002181056,218.1056,0.6357662756090595
uC1,68259,0.0002184288,218.4288,1.4184045527773697
uC1,68369,0.00021878080000000002,218.78080000000003,0.9471341146993818
uC1,68479,0.0002191328,219.1328,0.7357172006276623
uC1,68589,0.00021948480000000002,219.4848,0.6417723495868418
uC1,68704,0.0002198528,219.8528,0.621626965347482
uC1,68783,0.0002201056,220.10559999999998,1.3804840684866468
uC1,68893,0.0002204576,220.4576,0.9301886740850734
uC1,69003,0.00022080960000000002,220.80960000000002,0.7282539661390872
uC1,69113,0.0002211616,221.1616,0.6389613843758171
uC1,69226,0.00022152320000000001,221.5232,1.1481328116885579
uC1,69336,0.0002218752,221.8752,0.8271425265282819
uC1,69447,0.00022223040000000002,222.23040000000003,0.6858296890068479
uC1,69551,0.00022256320000000002,222.56320000000002,1.4877471287240638
uC1,69661,0.0002229152,222.9152,0.978135231231619
uC1,69771,0.00022326720000000002,223.2672,0.7494261724977073
uC1,69881,0.0002236192,223.6192,0.6473059813274187
uC1,70080,0.00022425600000000002,224.25600000000003,1.3565098679151348
uC1,70190,0.000224608,224.608,0.9195071389313466
uC1,70300,0.00022496000000000001,224.96,0.723591855536982
uC1,70410,0.000225312,225.312,0.6374224595835688
uC1,70517,0.00022565440000000002,225.6544,1.3119140227085808
uC1,70627,0.0002260064,226.0064,0.8996384195041409
uC1,70737,0.00022635840000000002,226.35840000000002,0.7149706349358614
uC1,70847,0.0002267104,226.7104,0.635283262502499
uC1,70944,0.0002270208,227.0208,1.451323179491979
uC1,71054,0.00022737280000000002,227.3728,0.9618270857044513
uC1,71164,0.0002277248,227.72480000000002,0.7421903105996817
uC1,71275,0.00022808,228.07999999999998,0.6443147718124365
uC1,71466,0.0002286912,228.6912,1.3335230336917268
uC1,71576,0.0002290432,229.04319999999998,0.9092356553602657
uC1,71686,0.0002293952,229.39520000000002,0.7190971865791197
uC1,71797,0.0002297504,229.7504,0.6360939448939639
uC1,71899,0.0002300768,230.07680000000002,1.3962117145860626
uC1,72009,0.0002304288,230.4288,0.9372264269732326
uC1,72119,0.0002307808,230.7808,0.7313599399608437
uC1,72229,0.0002311328,231.1328,0.6401305939319283
uC1,72346,0.0002315072,231.5072,0.8507604853250827
uC1,72457,0.0002318624,231.8624,1.4461309100230695
uC1,72567,0.0002322144,232.2144,0.9595434581752603
uC1,72677,0.0002325664,232.5664,0.7412168306912145
uC1,72787,0.0002329184,232.91840000000002,0.6440018090203783
uC1,72978,0.00023352960000000002,233.52960000000002,1.3258047444089824
uC1,73088,0.0002338816,233.88160000000002,0.9058152277275464
uC1,73198,0.00023423360000000002,234.23360000000002,0.717628091012578
uC1,73308,0.0002345856,234.5856,0.6357289740624306
uC1,73408,0.0002349056,234.9056,1.4171223891092004
uC1,73518,0.00023525760000000002,235.25760000000002,0.9465451831616222
uC1,73628,0.0002356096,235.6096,0.7354463544144239
uC1,73739,0.00023596480000000002,235.96480000000003,0.6416516287307319
uC1,73854,0.00023633280000000002,236.33280000000002,0.622891572448324
uC1,73933,0.0002365856,236.5856,1.390513101337518
uC1,74043,0.0002369376,236.9376,0.9346625420683788
uC1,74153,0.0002372896,237.2896,0.7302152504692163
uC1,74263,0.0002376416,237.6416,0.6396626340685292
uC1,74380,0.00023801600000000002,238.01600000000002,0.9916000222410475
uC1,74490,0.000238368,238.368,0.7615878461157893
uC1,74598,0.0002387136,238.7136,1.4959778163348996
uC1,74708,0.00023906560000000002,239.06560000000002,0.981819970514962
uC1,74818,0.0002394176,239.4176,0.7510652830287831
uC1,74928,0.00023976960000000002,239.76960000000003,0.6480027085410464
uC1,75128,0.0002404096,240.4096,1.3563214263941776
uC1,75238,0.0002407616,240.7616,0.919412599245753
uC1,75348,0.0002411136,241.11360000000002,0.7235435012925472
uC1,75458,0.00024146560000000002,241.46560000000002,0.6373941149542153
uC1,75565,0.000241808,241.80800000000002,1.3147595413653337
uC1,75675,0.00024216,242.16,0.9008973741162125
uC1,75785,0.000242512,242.512,0.715507838310335
uC1,75895,0.000242864,242.864,0.635354311189093
uC1,75993,0.0002431776,243.1776,1.4463920447894625
uC1,76103,0.00024352960000000002,243.52960000000002,0.9596279637014455
uC1,76213,0.0002438816,243.88160000000002,0.7412219794549422
uC1,76323,0.0002442336,244.2336,0.643928653316452
uC1,76515,0.000244848,244.84799999999998,1.3279855025951153
uC1,76625,0.0002452,245.2,0.9067884721176058
uC1,76735,0.000245552,245.55200000000002,0.7180515679704638
uC1,76845,0.000245904,245.90400000000002,0.6358343589089336
uC1,76946,0.0002462272,246.22720000000004,1.4115215196735973
uC1,77056,0.0002465792,246.5792,0.9440601567346949
uC1,77166,0.0002469312,246.9312,0.7343637007451946
uC1,77276,0.0002472832,247.28320000000002,0.6412539564279703
uC1,77392,0.0002476544,247.6544,0.6310066800717572
uC1,77473,0.0002479136,247.91359999999997,1.4521258665932515
uC1,77583,0.0002482656,248.2656,0.9621804855161755
uC1,77693,0.0002486176,248.6176,0.7423399425132664
uC1,77804,0.00024897280000000003,248.97280000000003,0.6443659570331622
uC1,77996,0.0002495872,249.58720000000002,1.3357697885414255
uC1,78106,0.00024993920000000003,249.93920000000003,0.910254204970997
uC1,78216,0.0002502912,250.2912,0.7195548180582659
uC1,78326,0.0002506432,250.6432,0.636216867013033
uC1,78428,0.0002509696,250.9696,1.389806596537194
uC1,78538,0.00025132160000000003,251.32160000000002,0.9343462057553473
uC1,78648,0.0002516736,251.6736,0.7300798655542324
uC1,78759,0.0002520288,252.02880000000002,0.6396550993592257
uC1,78874,0.0002523968,252.3968,1.0462053973308216
uC1,78984,0.0002527488,252.74880000000002,0.7832956239160297
uC1,79098,0.0002531136,253.1136,1.0960787088444015
uC1,79208,0.0002534656,253.46560000000002,0.8045465841136485
uC1,79319,0.00025382080000000003,253.82080000000005,0.6816760412811435
uC1,79416,0.0002541312,254.1312,1.6096491643772748
uC1,79526,0.0002544832,254.4832,1.0327009814208066
uC1,79636,0.0002548352,254.8352,0.7736863849518654
uC1,79746,0.0002551872,255.1872,0.6576469845653218
uC1,79856,0.0002555392,255.5392,0.6065569377851092
uC1,79978,0.0002559296,255.9296,0.6281243655225853
uC1,80059,0.0002561888,256.1888,1.4222243655306825
uC1,80169,0.00025654080000000004,256.54080000000005,0.9488380015058923
uC1,80279,0.0002568928,256.8928,0.7364620348039026
uC1,80389,0.0002572448,257.2448,0.6420387219695665
uC1,80581,0.0002578592,257.8592,1.34393912169438
uC1,80691,0.0002582112,258.2112,0.9138883957808237
uC1,80801,0.0002585632,258.56320000000005,0.7211296789825962
uC1,80911,0.0002589152,258.91519999999997,0.6366371466948328
uC1,81015,0.000259248,259.248,1.36207523214107
uC1,81125,0.0002596,259.6,0.92197244605305
uC1,81235,0.00025995200000000003,259.95200000000006,0.7246594906009016
uC1,81346,0.0002603072,260.3072,0.6377863720721066
uC1,81453,0.0002606496,260.64959999999996,1.291166369176501
uC1,81563,0.0002610016,261.0016,0.8903827568250722
uC1,81674,0.0002613568,261.3568,0.7109915776771555
uC1,81784,0.0002617088,261.7088,0.6349472158852053
uC1,81878,0.0002620096,262.0096,1.4818297272269576
uC1,81988,0.0002623616,262.3616,0.9754881299939314
uC1,82098,0.0002627136,262.71360000000004,0.7482492173589274
uC1,82208,0.00026306560000000003,263.0656,0.646805149414475
uC1,82405,0.000263696,263.696,1.3558534070338453
uC1,82515,0.000264048,264.048,0.919189064488106
uC1,82626,0.0002644032,264.40319999999997,0.7234514775926008
uC1,82736,0.0002647552,264.7552,0.6373773536046682
uC1,82842,0.00026509440000000003,265.0944,1.314731565917412
uC1,82952,0.0002654464,265.4464,0.9008707087845216
uC1,83063,0.0002658016,265.8016,0.7154868583064692
uC1,83173,0.0002661536,266.15360000000004,0.6353750235245402
uC1,83271,0.0002664672,266.4672,1.4459247370596167
uC1,83381,0.0002668192,266.8192,0.9594313139372526
uC1,83491,0.00026717120000000003,267.17120000000006,0.741143021518315
uC1,83601,0.0002675232,267.5232,0.6439080268849541
uC1,83792,0.00026813440000000003,268.1344,1.3277702924323054
uC1,83902,0.0002684864,268.4864,0.9066806645032097
uC1,84012,0.0002688384,268.8384,0.7179953576977963
uC1,84122,0.0002691904,269.1904,0.6357938896712352
uC1,84223,0.0002695136,269.5136,1.4127071268438656
uC1,84333,0.00026986560000000003,269.86560000000003,0.9445794958513095
uC1,84443,0.0002702176,270.2176,0.7345854409878635
uC1,84553,0.0002705696,270.5696,0.6413273435515894
uC1,84669,0.0002709408,270.9408,0.6290967342014518
uC1,84750,0.00027120000000000003,271.20000000000005,1.4384619713898232
uC1,84860,0.000271552,271.55199999999996,0.9560798171542149
uC1,84970,0.000271904,271.904,0.7396487893865029
uC1,85080,0.000272256,272.25600000000003,0.6432826260827598
uC1,85271,0.0002728672,272.8672,1.3223531692337387
uC1,85381,0.0002732192,273.2192,0.904266916946288
uC1,85491,0.00027357120000000003,273.57120000000003,0.7169482654743791
uC1,85601,0.0002739232,273.9232,0.6355464543907102
uC1,85701,0.0002742432,274.2432,1.4260924156489037
uC1,85811,0.0002745952,274.5952,0.9505599474298881
uC1,85921,0.0002749472,274.9472,0.7372214892677095
uC1,86031,0.0002752992,275.29920000000004,0.6423475753465971
uC1,86223,0.0002759136,275.91360000000003,1.3378071929876794
uC1,86333,0.0002762656,276.2656,0.9111525952641711
uC1,86443,0.0002766176,276.6176,0.7199368760458441
uC1,86553,0.0002769696,276.9696,0.6362929704065733
uC1,86656,0.0002772992,277.29920000000004,1.3830768214087412
uC1,86766,0.00027765120000000003,277.6512,0.9313484857500138
uC1,86876,0.0002780032,278.0032,0.7287694119960964
uC1,86986,0.0002783552,278.3552,0.6391744260402142
uC1,87100,0.00027872,278.71999999999997,1.140678810703839
uC1,87210,0.000279072,279.072,0.8239040534737481
uC1,87320,0.000279424,279.42400000000004,0.6847999607834652
uC1,87423,0.00027975360000000003,279.7536,1.5111763423166953
uC1,87533,0.0002801056,280.1056,0.9886083549081736
uC1,87643,0.0002804576,280.4576,0.7540668051494722
uC1,87753,0.0002808096,280.8096,0.6492403743021191
uC1,87957,0.0002814624,281.4624,1.3433242199577387
uC1,88067,0.0002818144,281.8144,0.9136082393503983
uC1,88177,0.0002821664,282.1664,0.7210051798500844
uC1,88288,0.00028252160000000003,282.52160000000003,0.6366354311231216
uC1,88391,0.0002828512,282.8512,1.3670568394587714
uC1,88501,0.0002832032,283.2032,0.9241923569506774
uC1,88612,0.0002835584,283.5584,0.7256304260408648
uC1,88722,0.0002839104,283.9104,0.63811679891743
uC1,88831,0.0002842592,284.25919999999996,1.2634555033672574
uC1,88941,0.0002846112,284.6112,0.878088394936783
uC1,89051,0.0002849632,284.96320000000003,0.705756353293039
uC1,89162,0.00028531840000000004,285.31840000000005,0.6363108852867004
uC1,89251,0.0002856032,285.6032,1.5051942044626734
uC1,89361,0.0002859552,285.95520000000005,0.9859343073466998
uC1,89471,0.00028630720000000004,286.3072,0.752877709184152
uC1,89581,0.0002866592,286.6592,0.6487295821988532
uC1,89784,0.0002873088,287.3088,1.346376533066611
uC1,89894,0.0002876608,287.6608,0.9149730212201516
uC1,90004,0.00028801280000000004,288.0128,0.7216032354115792
uC1,90114,0.0002883648,288.3648,0.6367904657209958
uC1,90219,0.0002887008,288.7008,1.3564959638237981
uC1,90329,0.0002890528,289.0528,0.9194961679580232
uC1,90439,0.0002894048,289.4048,0.7235879637558371
uC1,90549,0.0002897568,289.7568,0.6374416030502257
uC1,90656,0.0002900992,290.0992,1.3191719859122204
uC1,90766,0.0002904512,290.45120000000003,0.9028682719689057
uC1,90876,0.00029080320000000003,290.8032,0.7163647979721957
uC1,90986,0.0002911552,291.1552,0.6355326972445369
uC1,91085,0.00029147200000000003,291.47200000000004,1.4370985844684696
uC1,91195,0.000291824,291.824,0.9554849097115152
uC1,91305,0.000292176,292.176,0.7393991048624923
uC1,91415,0.000292528,292.528,0.6432116901226324
uC1,91606,0.0002931392,293.1392,1.3220763437876466
uC1,91716,0.0002934912,293.4912,0.9041531343909868
uC1,91826,0.0002938432,293.8432,0.7169067965548803
uC1,91936,0.0002941952,294.1952,0.6355615853637056
uC1,92036,0.00029451520000000004,294.51520000000005,1.426291844297767
uC1,92146,0.0002948672,294.86719999999997,0.9506593276968226
uC1,92256,0.0002952192,295.2192,0.7372719801222698
uC1,92366,0.0002955712,295.57120000000003,0.6423769422634473
uC1,92558,0.0002961856,296.1856,1.3364281720726163
uC1,92668,0.0002965376,296.5376,0.9105497516403289
uC1,92778,0.0002968896,296.8896,0.7196837852225461
uC1,92888,0.0002972416,297.2416,0.6362472699320734
uC1,92990,0.000297568,297.568,1.3865223958212722
uC1,93100,0.00029792,297.92,0.9328782805725842
uC1,93211,0.0002982752,298.2752,0.7294403909441277
uC1,93321,0.0002986272,298.6272,0.639435050375184
uC1,93435,0.000298992,298.99199999999996,1.096547509291162
uC1,93545,0.000299344,299.344,0.8047068068889365
uC1,93656,0.0002996992,299.6992,0.6812973698950477
uC1,93753,0.0003000096,300.0096,1.606105681351162
uC1,93863,0.0003003616,300.3616,1.031106912598001
uC1,93973,0.0003007136,300.71360000000004,0.7729722546497166
uC1,94083,0.00030106560000000003,301.0656,0.6573343102114937
uC1,94193,0.0003014176,301.4176,0.6064523119375088
uC1,94315,0.00030180800000000004,301.80800000000005,0.6391232721857336
uC1,94398,0.0003020736,302.0736,1.502780601410383
uC1,94508,0.00030242560000000003,302.42560000000003,0.9848362632709667
uC1,94618,0.0003027776,302.7776,0.75237824321943
uC1,94728,0.0003031296,303.1296,0.6485036876919879
uC1,94931,0.0003037792,303.7792,1.3474734358567535
uC1,95041,0.00030413120000000003,304.13120000000004,0.9154550767845568
uC1,95151,0.0003044832,304.4832,0.721806932377701
uC1,95262,0.0003048384,304.83840000000004,0.6368800050788805
uC1,95366,0.00030517120000000004,305.17120000000006,1.351320544027764
uC1,95476,0.0003055232,305.5232,0.9171737931658566
uC1,95587,0.0003058784,305.8784,0.7225688880654492
uC1,95697,0.00030623040000000003,306.23040000000003,0.6371413343311483
uC1,95802,0.0003065664,306.5664,1.3402790576489936
uC1,95912,0.0003069184,306.9184,0.912261374941532
uC1,96022,0.00030727040000000003,307.27040000000005,0.7204311575064988
uC1,96132,0.0003076224,307.62239999999997,0.6364919519405468
uC1,96235,0.000307952,307.952,1.3810745640621485
uC1,96345,0.000308304,308.30400000000003,0.9304491425506909
uC1,96455,0.00030865600000000003,308.65600000000006,0.7283703386763783
uC1,96566,0.0003090112,309.0112,0.6390431845109108
uC1,96678,0.00030936960000000003,309.36960000000005,1.1593512342522454
uC1,96789,0.0003097248,309.7248,0.8320644727837075
uC1,96899,0.0003100768,310.0768,0.6874965300375607
uC1,97004,0.00031041280000000004,310.41280000000006,1.4476514573127532
uC1,97114,0.0003107648,310.7648,0.9601886594937784
uC1,97224,0.0003111168,311.1168,0.7414709361535503
uC1,97335,0.00031147200000000003,311.47200000000004,0.6440575602586064
uC1,97526,0.0003120832,312.08320000000003,1.3287013057268582
uC1,97636,0.0003124352,312.4352,0.9071015968091339
uC1,97746,0.0003127872,312.7872,0.7181831653779966
uC1,97856,0.0003131392,313.1392,0.6358560956175627
uC1,97957,0.0003134624,313.4624,1.4101915206097673
uC1,98067,0.0003138144,313.81440000000003,0.9434571976249738
uC1,98177,0.00031416640000000003,314.1664,0.7340922562043114
uC1,98287,0.0003145184,314.5184,0.6411410071860795
uC1,98403,0.0003148896,314.8896,0.6338550247946264
uC1,98486,0.00031515520000000003,315.15520000000004,1.4718511497266018
uC1,98596,0.0003155072,315.5072,0.97101939330488
uC1,98706,0.0003158592,315.8592,0.7462639768942176
uC1,98816,0.0003162112,316.2112,0.6459744608507926
uC1,99012,0.00031683840000000003,316.83840000000004,1.3528013404312476
uC1,99122,0.0003171904,317.1904,0.9178494318825317
uC1,99232,0.0003175424,317.5424,0.722865294775105
uC1,99342,0.0003178944,317.8944,0.6371872969726589
uC1,99448,0.0003182336,318.2336,1.3287021943426292
uC1,99558,0.0003185856,318.5856,0.9071077723040397
uC1,99668,0.00031893760000000003,318.93760000000003,0.7181968270801212
uC1,99778,0.0003192896,319.2896,0.6359246884370511
uC1,99879,0.0003196128,319.6128,1.4148453663595846
uC1,99989,0.0003199648,319.9648,0.9455416246705621
uC2,448,1.4336000000000001e-06,1.4336000000000002,18.328829572128672
uC2,671,2.1472e-06,2.1471999999999998,23.638535932655657
uC2,1094,3.5008e-06,3.5008,28.872802204814175
uC2,1623,5.1936000000000006e-06,5.193600000000001,27.446194141748077
uC2,2060,6.592000000000001e-06,6.5920000000000005,25.97765199010247
uC2,2489,7.9648e-06,7.9648,28.04208471465542
uC2,3009,9.6288e-06,9.6288,27.03321989561741
uC2,3441,1.10112e-05,11.0112,27.544584292951264
uC2,3966,1.26912e-05,12.6912,28.62003310226307
uC2,4497,1.43904e-05,14.3904,29.739654755541395
uC2,5033,1.61056e-05,16.1056,26.809647007983664
uC2,5465,1.7488e-05,17.488,27.54028239843739
uC2,6000,1.92e-05,19.2,29.942962712211187
uC2,6554,2.09728e-05,20.9728,19.114429341570847
uC2,6779,2.16928e-05,21.6928,18.025347779924786
uC2,7098,2.2713600000000002e-05,22.713600000000003,29.654292296097285
uC2,7722,2.47104e-05,24.7104,23.04976500376814
uC2,8048,2.57536e-05,25.7536,27.74748453460576
uC2,8573,2.74336e-05,27.433600000000002,27.513497258366368
uC2,9009,2.88288e-05,28.8288,26.08118925226546
uC2,9440,3.0208e-05,30.208,27.274673829478807
uC2,9967,3.1894400000000004e-05,31.894400000000005,28.896892188704935
uC2,10488,3.35616e-05,33.5616,27.367016067178977
uC2,10920,3.4944e-05,34.944,27.403227674624688
uC2,11448,3.66336e-05,36.6336,29.023708927639557
uC2,11971,3.83072e-05,38.307199999999995,27.43687584732366
uC2,12405,3.9696e-05,39.696,26.41464474487611
uC2,12844,4.1100800000000005e-05,41.10080000000001,25.181868824626818
uC2,13267,4.2454400000000005e-05,42.45440000000001,28.698337258649204
uC2,13796,4.41472e-05,44.147200000000005,27.439434892995
uC2,14233,4.55456e-05,45.5456,25.963059300310455
uC2,14662,4.69184e-05,46.9184,28.12941372647489
uC2,15182,4.8582400000000004e-05,48.58240000000001,26.879397329673697
uC2,15614,4.99648e-05,49.9648,27.706987339391826
uC2,16140,5.1648000000000004e-05,51.648,28.84306889205794
uC2,16662,5.33184e-05,53.318400000000004,27.58063787661168
uC2,17096,5.4707200000000004e-05,54.7072,27.025213939384262
uC2,17537,5.61184e-05,56.1184,23.36573188333888
uC2,17870,5.7184e-05,57.184,23.4234033975527
uC2,18292,5.85344e-05,58.5344,30.009237935987954
uC2,18846,6.0307200000000004e-05,60.3072,19.609945528899612
uC2,19168,6.13376e-05,61.3376,29.390360117377107
uC2,19795,6.334400000000001e-05,63.34400000000001,24.264459946009197
uC2,20128,6.44096e-05,64.4096,23.561810330263693
uC2,20548,6.575360000000001e-05,65.7536,29.809823029287124
uC2,21094,6.75008e-05,67.5008,24.474461293780884
uC2,21514,6.884480000000001e-05,68.8448,29.83375571869833
uC2,22057,7.05824e-05,70.58239999999999,25.336654797202957
uC2,22478,7.19296e-05,71.9296,29.278101210925843
uC2,23010,7.3632e-05,73.632,27.22033293627174
uC2,23446,7.50272e-05,75.0272,26.27462241390364
uC2,23880,7.641600000000001e-05,76.41600000000001,26.845040835866044
uC2,24319,7.78208e-05,77.8208,24.785880376585588
uC2,24739,7.91648e-05,79.1648,29.459123660629764
uC2,25273,8.08736e-05,80.8736,27.023778372793924
uC2,25707,8.226240000000001e-05,82.26240000000001,27.04441211526643
uC2,26148,8.36736e-05,83.6736,23.74335696620993
uC2,26484,8.47488e-05,84.7488,8.841721231306124
uC2,26593,8.50976e-05,85.0976,26.545364921686755
uC2,27133,8.68256e-05,86.8256,26.036614282666385
uC2,27558,8.81856e-05,88.1856,28.4403005793678
uC2,28085,8.987200000000001e-05,89.87200000000001,27.1245866080043
uC2,28521,9.12672e-05,91.2672,25.96889943410604
uC2,28951,9.26432e-05,92.64320000000001,27.937478630828622
uC2,29472,9.43104e-05,94.3104,27.15085317577094
uC2,29903,9.56896e-05,95.6896,27.686769002766304
uC2,30426,9.736320000000001e-05,97.3632,28.06499537553661
uC2,30867,9.87744e-05,98.7744,24.057291080294284
uC2,31290,0.000100128,100.128,30.060424932031072
uC2,31849,0.0001019168,101.91680000000001,9.73501021582847
uC2,31959,0.0001022688,102.2688,26.540503687980145
uC2,32497,0.0001039904,103.9904,26.325241011908858
uC2,32925,0.00010536000000000001,105.36000000000001,28.155815877187493
uC2,33447,0.0001070304,107.0304,27.31071697658885
uC2,33880,0.000108416,108.416,27.149547828911683
uC2,34326,0.0001098432,109.8432,15.090131580882309
uC2,34542,0.00011053440000000001,110.5344,28.198636455974363
uC2,35182,0.0001125824,112.5824,28.08571202482243
uC2,35622,0.0001139904,113.9904,24.370181344475984
uC2,36042,0.0001153344,115.3344,29.628493389948265
uC2,36580,0.000117056,117.056,25.990845825146508
uC2,37008,0.0001184256,118.4256,27.94119626196572
uC2,37530,0.00012009600000000001,120.096,27.279961722296534
uC2,37963,0.0001214816,121.4816,27.24585508636936
uC2,38409,0.0001229088,122.9088,17.841692720962705
uC2,38631,0.0001236192,123.6192,24.84739527816303
uC2,39066,0.0001250112,125.0112,26.457168412054877
uC2,39500,0.0001264,126.4,26.76338146317922
uC2,39938,0.0001278016,127.8016,25.15214798350683
uC2,40362,0.0001291584,129.1584,28.99584908471927
uC2,40891,0.0001308512,130.8512,27.425763278113763
uC2,41328,0.00013224960000000002,132.24960000000002,25.962047052849936
uC2,41757,0.00013362240000000002,133.62240000000003,28.074808379219675
uC2,42277,0.0001352864,135.28640000000001,27.099108180486894
uC2,42708,0.0001366656,136.66559999999998,27.527551973903233
uC2,43232,0.0001383424,138.34240000000003,28.19325438233726
uC2,43674,0.0001397568,139.7568,23.16578763575095
uC2,44005,0.00014081600000000002,140.816,25.097738156692106
uC2,44431,0.0001421792,142.1792,28.284550839953916
uC2,44956,0.0001438592,143.8592,27.0754550395433
uC2,45391,0.0001452512,145.2512,26.49139097606699
uC2,45825,0.00014664,146.64,26.61518484753039
uC2,46264,0.0001480448,148.0448,25.071398322894275
uC2,46686,0.00014939520000000002,149.39520000000002,28.98555183957222
uC2,47217,0.0001510944,151.0944,27.08837546450285
uC2,47653,0.0001524896,152.4896,26.375255129587902
uC2,48086,0.0001538752,153.8752,27.081555122694926
uC2,48530,0.000155296,155.296,21.06032126039507
uC2,48851,0.0001563232,156.3232,29.04333001429367
uC2,49403,0.0001580896,158.0896,21.14730707974471
uC2,49723,0.0001591136,159.1136,29.019834941162742
uC2,50280,0.000160896,160.896,14.691612473253164
uC2,50496,0.0001615872,161.5872,28.423448796651495
uC2,51119,0.0001635808,163.5808,11.187661089471254
uC2,51230,0.000163936,163.936,25.303500142650027
uC2,51752,0.0001656064,165.6064,27.104463295576487
uC2,52185,0.000166992,166.992,27.01594601347466
uC2,52627,0.00016840640000000001,168.40640000000002,22.45690947812873
uC2,52956,0.00016945920000000002,169.4592,26.667681174637032
uC2,53487,0.0001711584,171.1584,29.589839258360303
uC2,54028,0.0001728896,172.8896,25.628467503423394
uC2,54453,0.0001742496,174.24960000000002,28.843327100287908
uC2,54981,0.0001759392,175.9392,27.10309344092499
uC2,55418,0.0001773376,177.3376,25.637797351608008
uC2,55846,0.0001787072,178.7072,28.125194639162466
uC2,56367,0.00018037440000000002,180.3744,27.274756399525174
uC2,56799,0.00018175680000000001,181.75680000000003,27.34195586086317
uC2,57326,0.0001834432,183.4432,29.15905176095774
uC2,57848,0.0001851136,185.1136,27.08654030387526
uC2,58280,0.000186496,186.496,27.431137037446728
uC2,58728,0.0001879296,187.9296,6.3701192770689765
uC2,58831,0.00018825920000000002,188.25920000000002,28.40155216770015
uC2,59454,0.0001902528,190.2528,22.208919621529535
uC2,59776,0.0001912832,191.2832,28.590899071963577
uC2,60322,0.00019303040000000001,193.03040000000001,24.55987734804259
uC2,60742,0.0001943744,194.3744,29.74701825409874
uC2,61287,0.0001961184,196.1184,24.924171951302263
uC2,61706,0.0001974592,197.45919999999998,29.406098775657156
uC2,62243,0.0001991776,199.17759999999998,26.525213666419376
uC2,62674,0.0002005568,200.5568,27.664004753099235
uC2,63201,0.0002022432,202.2432,29.057173748591957
uC2,63722,0.00020391040000000002,203.9104,26.8963839759265
uC2,64152,0.0002052864,205.2864,27.79583628007513
uC2,64674,0.0002069568,206.95680000000002,27.579997386312346
uC2,65108,0.0002083456,208.34560000000002,27.009431736588372
uC2,65548,0.0002097536,209.7536,24.140638878081127
uC2,65969,0.0002111008,211.10080000000002,29.79163233839876
uC2,66517,0.0002128544,212.8544,23.51390994330494
uC2,66850,0.00021392,213.92000000000002,23.791571461315165
uC2,67269,0.0002152608,215.2608,29.624292639228717
uC2,67806,0.0002169792,216.9792,26.415743281482786
uC2,68237,0.0002183584,218.35840000000002,27.459198815744045
uC2,68760,0.000220032,220.032,27.845501235810218
uC2,69204,0.0002214528,221.4528,21.893351333256337
uC2,69529,0.0002224928,222.4928,27.935628908570823
uC2,70057,0.00022418240000000002,224.18240000000003,27.472494178951685
uC2,70494,0.00022558080000000002,225.5808,25.84973770700434
uC2,70922,0.00022695040000000002,226.9504,28.10694599728589
uC2,71444,0.00022862080000000002,228.62080000000003,27.240740852932717
uC2,71876,0.00023000320000000001,230.00320000000002,27.122289562420605
uC2,72324,0.0002314368,231.4368,10.68785024252215
uC2,72435,0.000231792,231.792,25.171914644892404
uC2,72955,0.000233456,233.456,27.26942251296592
uC2,73386,0.0002348352,234.83520000000001,27.63926580456402
uC2,73911,0.0002365152,236.51520000000002,28.20030666671501
uC2,74357,0.00023794240000000002,237.94240000000002,16.76611097342292
uC2,74576,0.0002386432,238.6432,26.787238799393446
uC2,75105,0.000240336,240.336,27.008234963474077
uC2,75543,0.00024173760000000002,241.73760000000001,25.550099841542806
uC2,75971,0.00024310720000000002,243.1072,28.170983932069724
uC2,76492,0.0002447744,244.77439999999999,27.273241829825135
uC2,76924,0.00024615680000000003,246.15680000000003,27.277087715429012
uC2,77451,0.0002478432,247.8432,29.118947914025487
uC2,77973,0.0002495136,249.51360000000003,27.330587585300123
uC2,78406,0.0002508992,250.89920000000004,27.22598558608974
uC2,78851,0.0002523232,252.3232,18.834152939184875
uC2,79076,0.0002530432,253.0432,18.823791960168464
uC2,79394,0.0002540608,254.06080000000003,29.31468423405829
uC2,80036,0.0002561152,256.1152,28.737428635019548
uC2,80558,0.0002577856,257.7856,27.434279921945336
uC2,80993,0.0002591776,259.17760000000004,26.817133531341252
uC2,81431,0.0002605792,260.5792,25.507701852566196
uC2,81855,0.000261936,261.936,28.468686433253183
uC2,82383,0.0002636256,263.6256,27.49502818869756
uC2,82820,0.000265024,265.024,25.969241127293607
uC2,83249,0.0002663968,266.39680000000004,28.002437958308086
uC2,83769,0.00026806080000000003,268.06080000000003,26.95956005013308
uC2,84201,0.00026944320000000003,269.44320000000005,27.68747319708416
uC2,84728,0.0002711296,271.1296,29.027263830592187
uC2,85248,0.0002727936,272.7936,26.919251419260053
uC2,85679,0.0002741728,274.1728,27.908448519388863
uC2,86200,0.00027584,275.84000000000003,27.232288312765295
uC2,86634,0.0002772288,277.22880000000004,27.191709397891874
uC2,87077,0.0002786464,278.64639999999997,21.897030368481126
uC2,87401,0.0002796832,279.6832,28.026357721662684
uC2,87935,0.000281392,281.392,27.045200886869008
uC2,88369,0.0002827808,282.7808,26.85273709900465
uC2,88808,0.0002841856,284.18559999999997,24.865658252072055
uC2,89229,0.0002855328,285.5328,29.288341266836042
uC2,89762,0.0002872384,287.2384,27.009524649935795
uC2,90197,0.00028863040000000003,288.6304,26.4712990309083
uC2,90633,0.0002900256,290.0256,25.898198432269478
uC2,91063,0.0002914016,291.4016,27.93218738631744
uC2,91583,0.0002930656,293.0656,27.219257528711506
uC2,92014,0.0002944448,294.4448,27.494790753053234
uC2,92535,0.000296112,296.112,27.52716504802651
uC2,92968,0.0002974976,297.49760000000003,27.122392395932323
uC2,93412,0.0002989184,298.91839999999996,20.494885237963345
uC2,93731,0.0002999392,299.9392,29.187351033691044
uC2,94376,0.00030200320000000003,302.00320000000005,29.50530335887054
uC2,94909,0.00030370880000000003,303.70880000000005,27.184152010590385
uC2,95344,0.0003051008,305.1008,26.605501939443513
uC2,95780,0.000306496,306.49600000000004,26.341730005058047
uC2,96213,0.0003078816,307.8816,27.106193878403623
uC2,96656,0.00030929920000000004,309.29920000000004,22.252558175495146
uC2,96982,0.0003103424,310.3424,27.00061107929055
uC2,97503,0.0003120096,312.00960000000003,27.214749532514794
uC2,97935,0.000313392,313.392,27.638562433871808
uC2,98463,0.00031508160000000003,315.08160000000004,29.044675875326043
uC2,98989,0.00031676480000000003,316.76480000000004,27.46452112767749
uC2,99426,0.0003181632,318.1632,25.83023866500275
uC2,99857,0.0003195424,319.5424,27.551905250819658
iL1,53,1.696e-07,0.1696,0.005230377467539077
iL1,162,5.184e-07,0.5184,0.003223684124817717
iL1,269,8.608e-07,0.8608,0.0018477343932422278
iL1,499,1.5968000000000001e-06,1.5968000000000002,0.00305649579675118
iL1,607,1.9424000000000002e-06,1.9424000000000003,0.0014462654192575783
iL1,721,2.3072e-06,2.3072,0.004949211653371583
iL1,830,2.656e-06,2.656,0.0028735067497111283
iL1,937,2.9984e-06,2.9984,0.0014713318683360424
iL1,1145,3.664e-06,3.664,0.006405027296170269
iL1,1254,4.0128e-06,4.0128,0.00399245540460259
iL1,1362,4.3584000000000005e-06,4.3584000000000005,0.002428034433366264
iL1,1467,4.6944e-06,4.6944,0.001261911355816413
iL1,1674,5.3568e-06,5.3568,0.0054529214166842595
iL1,1783,5.7056e-06,5.7056000000000004,0.0032623120136396726
iL1,1890,6.048e-06,6.048,0.0018034459410441184
iL1,2111,6.7552e-06,6.7552,0.005153792051285123
iL1,2220,7.104e-06,7.104,0.003031726119261284
iL1,2327,7.4464e-06,7.446400000000001,0.0016067662475566045
iL1,2540,8.128e-06,8.128,0.006090585143697835
iL1,2648,8.4736e-06,8.4736,0.003750907554007016
iL1,2756,8.8192e-06,8.8192,0.002221168518211792
iL1,2861,9.1552e-06,9.1552,0.001074592652514065
iL1,3061,9.7952e-06,9.795200000000001,0.00524032575930308
iL1,3169,1.01408e-05,10.140799999999999,0.0030996970737740695
iL1,3277,1.04864e-05,10.4864,0.0016654475165364042
iL1,3492,1.1174400000000001e-05,11.1744,0.00587974942872664
iL1,3600,1.152e-05,11.52,0.0035889236088372657
iL1,3708,1.18656e-05,11.8656,0.00208236090726578
iL1,3813,1.22016e-05,12.201600000000001,0.0009498918555836837
iL1,4017,1.28544e-05,12.8544,0.005813960721264573
iL1,4126,1.3203200000000001e-05,13.2032,0.0035400045605821434
iL1,4233,1.3545600000000001e-05,13.545600000000002,0.0020409663100611065
iL1,4455,1.4256e-05,14.256,0.0002672981735601331
iL1,4548,1.45536e-05,14.553600000000001,0.006613009433744829
iL1,4657,1.49024e-05,14.9024,0.00415305646256722
iL1,4765,1.5248e-05,15.248000000000001,0.0025664832157358585
iL1,4870,1.5584000000000002e-05,15.584000000000001,0.0013881154702651947
iL1,5084,1.62688e-05,16.2688,0.0052753668817605605
iL1,5193,1.66176e-05,16.617600000000003,0.003125755205285433
iL1,5300,1.696e-05,16.96,0.0016870390956737604
iL1,5516,1.76512e-05,17.651200000000003,0.005795970567041842
iL1,5625,1.8e-05,18.0,0.003524387817395989
iL1,5732,1.83424e-05,18.342399999999998,0.0020268453319146136
iL1,5955,1.9056000000000002e-05,19.056,0.00035276509190129175
iL1,6050,1.936e-05,19.36,0.007079537876756334
iL1,6159,1.97088e-05,19.7088,0.0045105138300759896
iL1,6267,2.0054400000000002e-05,20.0544,0.0028734961610011353
iL1,6373,2.03936e-05,20.3936,0.0016682707553449894
iL1,6605,2.1136000000000002e-05,21.136000000000003,0.003193622531215719
iL1,6714,2.14848e-05,21.4848,0.0015465361252777704
iL1,6830,2.1856000000000002e-05,21.856,0.0033144140708959236
iL1,6938,2.22016e-05,22.201600000000003,0.0016346274309610037
iL1,7047,2.25504e-05,22.5504,0.0006491478832096493
iL1,7148,2.28736e-05,22.8736,0.007667190379025054
iL1,7257,2.32224e-05,23.2224,0.0049581422653829955
iL1,7365,2.3568000000000002e-05,23.568,0.0032564797226471167
iL1,7471,2.39072e-05,23.9072,0.002018677836432706
iL1,7773,2.4873600000000002e-05,24.873600000000003,0.00396006131455061
iL1,7882,2.52224e-05,25.2224,0.0021212376387551666
iL1,7989,2.55648e-05,25.564799999999998,0.0008526434731387217
iL1,8099,2.5916800000000002e-05,25.916800000000002,0.006289668555753356
iL1,8208,2.62656e-05,26.265600000000003,0.003902063124874804
iL1,8315,2.6608e-05,26.608,0.0023497093076808853
iL1,8420,2.6944e-05,26.944000000000003,0.0011902722210907792
iL1,8624,2.75968e-05,27.596799999999998,0.005429973416128206
iL1,8733,2.7945600000000002e-05,27.945600000000002,0.003244885510348373
iL1,8840,2.8288e-05,28.288,0.001788710738511432
iL1,9060,2.8992e-05,28.992,0.005252256207610609
iL1,9169,2.9340800000000002e-05,29.3408,0.003107628594040855
iL1,9276,2.96832e-05,29.6832,0.00167105348954646
iL1,9491,3.03712e-05,30.3712,0.005864782594389379
iL1,9600,3.0720000000000004e-05,30.720000000000002,0.003577774899858758
iL1,9708,3.10656e-05,31.065600000000003,0.002072599534122022
iL1,9813,3.14016e-05,31.401600000000002,0.000941142231000707
iL1,10018,3.20576e-05,32.0576,0.005972713777011429
iL1,10127,3.24064e-05,32.406400000000005,0.003661814027445947
iL1,10234,3.27488e-05,32.7488,0.002145250103485951
iL1,10339,3.30848e-05,33.0848,0.0010069156415461594
iL1,10539,3.37248e-05,33.7248,0.00525295262996014
iL1,10648,3.40736e-05,34.0736,0.0031096805576459165
iL1,10755,3.4416000000000004e-05,34.416000000000004,0.0016737372797876228
iL1,10971,3.51072e-05,35.1072,0.0058458840146804825
iL1,11079,3.54528e-05,35.4528,0.0035630984683971954
iL1,11187,3.57984e-05,35.7984,0.002060185817320412
iL1,11292,3.6134400000000004e-05,36.13440000000001,0.0009300578938967411
iL1,11499,3.67968e-05,36.7968,0.006208012767253582
iL1,11608,3.71456e-05,37.1456,0.0038424632407895952
iL1,11715,3.7488000000000004e-05,37.48800000000001,0.0023004354064483836
iL1,11820,3.7824e-05,37.824000000000005,0.0011466504954481484
iL1,12022,3.8470400000000004e-05,38.470400000000005,0.005366559364727421
iL1,12131,3.88192e-05,38.8192,0.00319636887391728
iL1,12238,3.91616e-05,39.1616,0.001747424360500393
iL1,12457,3.98624e-05,39.8624,0.005498967892635743
iL1,12565,4.0208e-05,40.208,0.0032970835376921756
iL1,12673,4.0553600000000004e-05,40.5536,0.001832641623885944
iL1,12895,4.1264e-05,41.264,0.004941157495346826
iL1,13003,4.16096e-05,41.6096,0.002868830465441561
iL1,13111,4.19552e-05,41.9552,0.0014687814440313431
iL1,13318,4.2617600000000003e-05,42.6176,0.006400531001068002
iL1,13427,4.29664e-05,42.9664,0.00398914468362331
iL1,13535,4.3312e-05,43.312000000000005,0.002425365035266257
iL1,13640,4.3648e-05,43.647999999999996,0.0012594366032848646
iL1,13847,4.43104e-05,44.3104,0.005453299061429104
iL1,13956,4.46592e-05,44.6592,0.0032627470190949312
iL1,14063,4.50016e-05,45.001599999999996,0.0018037444588789296
iL1,14284,4.57088e-05,45.7088,0.0051511206161731
iL1,14393,4.6057600000000004e-05,46.05760000000001,0.0030298230159903653
iL1,14500,4.64e-05,46.400000000000006,0.001605060199589997
iL1,14713,4.70816e-05,47.0816,0.006095894898292952
iL1,14822,4.74304e-05,47.4304,0.003754837504098336
iL1,14929,4.7772800000000004e-05,47.772800000000004,0.002224499798447649
iL1,15034,4.81088e-05,48.1088,0.0010776097538289127
iL1,15234,4.87488e-05,48.7488,0.005245434907462855
iL1,15343,4.90976e-05,49.0976,0.0031033188851946653
iL1,15450,4.944e-05,49.44,0.0016686435609462099
iL1,15665,5.0128e-05,50.128,0.005868007819726396
iL1,15774,5.0476800000000004e-05,50.476800000000004,0.003579708410738508
iL1,15881,5.08192e-05,50.8192,0.0020741885308676274
iL1,15986,5.11552e-05,51.1552,0.0009426519729301983
iL1,16191,5.18112e-05,51.8112,0.0059444678347015684
iL1,16300,5.216e-05,52.160000000000004,0.003640289984250688
iL1,16408,5.25056e-05,52.5056,0.002126854386423522
iL1,16512,5.28384e-05,52.8384,0.0009903127424290504
iL1,16713,5.34816e-05,53.4816,0.00533623864851135
iL1,16822,5.38304e-05,53.8304,0.0031735154096420182
iL1,16929,5.4172800000000004e-05,54.1728,0.0017280878555071652
iL1,17147,5.48704e-05,54.870400000000004,0.005599617583714117
iL1,17256,5.52192e-05,55.2192,0.0033736242576581713
iL1,17363,5.55616e-05,55.5616,0.001898147874889229
iL1,17588,5.62816e-05,56.2816,0.0042899988513777285
iL1,17697,5.66304e-05,56.6304,0.00237162613122784
iL1,17804,5.6972800000000004e-05,56.97280000000001,0.0010533743785888165
iL1,17921,5.73472e-05,57.3472,0.004518901763754553
iL1,18029,5.7692800000000004e-05,57.692800000000005,0.002545289930278444
iL1,18136,5.80352e-05,58.0352,0.0011966058927173604
iL1,18247,5.83904e-05,58.3904,0.00036654932647119505
iL1,18342,5.8694400000000005e-05,58.6944,0.0070727319726307854
iL1,18452,5.9046400000000004e-05,59.046400000000006,0.004505377404669656
iL1,18559,5.93888e-05,59.3888,0.00286908228194624
iL1,18665,5.9728e-05,59.728,0.001664297559561169
iL1,18897,6.04704e-05,60.470400000000005,0.0032781839340421063
iL1,19005,6.0816e-05,60.816,0.0016084931468507715
iL1,19116,6.11712e-05,61.1712,0.0007532532755545014
iL1,19218,6.14976e-05,61.4976,0.00775498889836301
iL1,19327,6.18464e-05,61.8464,0.0050244227490298604
iL1,19435,6.2192e-05,62.192,0.003312887738160561
iL1,19541,6.25312e-05,62.531200000000005,0.0020702265110284016
iL1,19846,6.35072e-05,63.5072,0.004281574945446237
iL1,19955,6.3856e-05,63.85600000000001,0.0023664142843423147
iL1,20062,6.41984e-05,64.19839999999999,0.0010495926315010555
iL1,20179,6.45728e-05,64.5728,0.004557001216344855
iL1,20287,6.49184e-05,64.9184,0.0025743296389437774
iL1,20394,6.52608e-05,65.2608,0.0012208048437541608
iL1,20504,6.56128e-05,65.6128,0.00033454084564437964
iL1,20599,6.59168e-05,65.9168,0.006879427657842094
iL1,20708,6.62656e-05,66.2656,0.004357041969161618
iL1,20816,6.66112e-05,66.6112,0.002741452113439418
iL1,20921,6.694720000000001e-05,66.94720000000001,0.0015475543085812212
iL1,21145,6.766400000000001e-05,67.664,0.004569688590566045
iL1,21253,6.800960000000001e-05,68.0096,0.002584901202621528
iL1,21361,6.83552e-05,68.35520000000001,0.0012303314151147523
iL1,21470,6.8704e-05,68.704,0.00032671500558089576
iL1,21565,6.9008e-05,69.008,0.00681320088241225
iL1,21674,6.93568e-05,69.3568,0.004306536282803384
iL1,21781,6.96992e-05,69.6992,0.0026982236438241073
iL1,21887,7.00384e-05,70.0384,0.0015081941779985476
iL1,22108,7.07456e-05,70.7456,0.0048091356152730426
iL1,22217,7.109440000000001e-05,71.09440000000001,0.0027681512147085716
iL1,22324,7.14368e-05,71.4368,0.001384121356349001
iL1,22529,7.20928e-05,72.0928,0.006504395506487827
iL1,22638,7.244160000000001e-05,72.44160000000001,0.004069048208129725
iL1,22746,7.27872e-05,72.78720000000001,0.0024939211415910003
iL1,22851,7.31232e-05,73.1232,0.0013219279751500576
iL1,23061,7.379520000000001e-05,73.79520000000001,0.0054048768876337255
iL1,23170,7.4144e-05,74.144,0.003225423086482302
iL1,23277,7.44864e-05,74.4864,0.0017718579620608936
iL1,23497,7.51904e-05,75.19040000000001,0.00536077626553514
iL1,23605,7.5536e-05,75.536,0.0031905382723778396
iL1,23713,7.58816e-05,75.8816,0.0017419789771698174
iL1,23931,7.65792e-05,76.5792,0.005537304505890714
iL1,24040,7.6928e-05,76.92800000000001,0.003325786435809046
iL1,24147,7.72704e-05,77.2704,0.0018573458790436636
iL1,24370,7.7984e-05,77.98400000000001,0.00472717518404092
iL1,24479,7.83328e-05,78.33279999999999,0.0027052215032680026
iL1,24586,7.86752e-05,78.6752,0.0013307790192022325
iL1,24790,7.9328e-05,79.328,0.006563879187274709
iL1,24899,7.96768e-05,79.6768,0.004114886029630489
iL1,25007,8.00224e-05,80.0224,0.002533383428838198
iL1,25112,8.03584e-05,80.3584,0.0013578854251549118
iL1,25324,8.10368e-05,81.0368,0.005345004275457848
iL1,25433,8.138560000000001e-05,81.38560000000001,0.003179407617072173
iL1,25540,8.1728e-05,81.728,0.0017326294160364057
iL1,25758,8.24256e-05,82.4256,0.005581466242810463
iL1,25867,8.27744e-05,82.7744,0.0033597407362983534
iL1,25974,8.31168e-05,83.1168,0.0018860992316975182
iL1,26199,8.38368e-05,83.8368,0.004432465902780712
iL1,26307,8.41824e-05,84.1824,0.002479730793861975
iL1,26414,8.452480000000001e-05,84.52480000000001,0.0011425871709598622
iL1,26533,8.49056e-05,84.9056,0.0015285681906669212
iL1,26643,8.52576e-05,85.2576,0.0067702036116355484
iL1,26752,8.560640000000001e-05,85.60640000000001,0.004266417855196025
iL1,26860,8.5952e-05,85.95200000000001,0.0026597399968006853
iL1,26965,8.6288e-05,86.288,0.0014707070899385901
iL1,27184,8.69888e-05,86.9888,0.005010816816457078
iL1,27293,8.733760000000001e-05,87.33760000000001,0.002922921492653266
iL1,27400,8.768e-05,87.68,0.0015147579809885118
iL1,27609,8.83488e-05,88.3488,0.006317793890988669
iL1,27718,8.869760000000001e-05,88.69760000000001,0.003925553130718716
iL1,27826,8.904320000000001e-05,89.04320000000001,0.002370753562369795
iL1,27931,8.93792e-05,89.3792,0.001209857667132754
iL1,28136,9.00352e-05,90.0352,0.005442328087756684
iL1,28245,9.038400000000001e-05,90.384,0.003254088251061492
iL1,28352,9.07264e-05,90.7264,0.0017969208933246435
iL1,28572,9.14304e-05,91.43039999999999,0.005198014877517598
iL1,28681,9.17792e-05,91.7792,0.003066023900085928
iL1,28788,9.212160000000001e-05,92.12160000000002,0.0016357088968241864
iL1,29002,9.28064e-05,92.80640000000001,0.005997071467307135
iL1,29111,9.31552e-05,93.1552,0.003678879458353121
iL1,29218,9.34976e-05,93.4976,0.0021588539407251107
iL1,29323,9.383360000000001e-05,93.8336,0.0010186523616061856
iL1,29523,9.44736e-05,94.4736,0.005228825261098907
iL1,29632,9.482240000000001e-05,94.8224,0.003090835450411272
iL1,29739,9.51648e-05,95.1648,0.0016578639698754754
iL1,29954,9.58528e-05,95.8528,0.005909007737858987
iL1,30063,9.62016e-05,96.2016,0.003611234293603173
iL1,30170,9.6544e-05,96.544,0.002101476157749137
iL1,30275,9.688000000000001e-05,96.88000000000001,0.0009670188191039186
iL1,30477,9.75264e-05,97.5264,0.005564700269653994
iL1,30586,9.787520000000001e-05,97.8752,0.003349098665947651
iL1,30694,9.82208e-05,98.22080000000001,0.0018778935616983535
iL1,30918,9.89376e-05,98.9376,0.0045042975232459405
iL1,31027,9.92864e-05,99.2864,0.002534522889843515
iL1,31134,9.96288e-05,99.6288,0.001188113427225576
iL1,31245,9.998400000000001e-05,99.98400000000001,0.00038423288910597594
iL1,31340,0.000100288,100.288,0.007155533557047653
iL1,31450,0.00010064,100.64,0.004568756210158422
iL1,31557,0.0001009824,100.9824,0.0029234152577539865
iL1,31663,0.0001013216,101.3216,0.001714031553711652
iL1,31898,0.0001020736,102.0736,0.001541552999717361
iL1,32009,0.0001024288,102.42880000000001,0.00672415385337259
iL1,32118,0.00010277760000000001,102.7776,0.004231042172814198
iL1,32226,0.00010312320000000001,103.12320000000001,0.0026292581928960648
iL1,32331,0.0001034592,103.4592,0.001442963465230451
iL1,32548,0.0001041536,104.15360000000001,0.005121714453837095
iL1,32657,0.0001045024,104.5024,0.003008188782105005
iL1,32764,0.0001048448,104.8448,0.0015869812291360282
iL1,32976,0.0001055232,105.5232,0.006146101121395994
iL1,33085,0.000105872,105.872,0.003793446259313318
iL1,33193,0.0001062176,106.2176,0.002257180591330697
iL1,33298,0.00010655360000000001,106.5536,0.001107089603094917
iL1,33498,0.0001071936,107.1936,0.00529894861038802
iL1,33607,0.00010754240000000001,107.54240000000001,0.0031445544936009704
iL1,33714,0.0001078848,107.8848,0.001703393591304652
iL1,33931,0.0001085792,108.5792,0.005719609714603424
iL1,34039,0.0001089248,108.9248,0.0034659817482973437
iL1,34147,0.0001092704,109.27040000000001,0.0019771335052759693
iL1,34376,0.0001100032,110.00319999999999,0.002486479807223665
iL1,34485,0.000110352,110.352,0.00107201563993389
iL1,34592,0.00011069440000000001,110.6944,0.0072969501768323855
iL1,34701,0.0001110432,111.0432,0.004671979876116762
iL1,34809,0.0001113888,111.3888,0.003009155772597411
iL1,34915,0.000111728,111.728,0.001790942678879664
iL1,35233,0.00011274560000000001,112.74560000000001,0.005547948822785408
iL1,35342,0.0001130944,113.0944,0.0033362858178548707
iL1,35450,0.00011344,113.44,0.0018669665591253932
iL1,35673,0.0001141536,114.1536,0.004616250468294506
iL1,35782,0.00011450240000000001,114.50240000000001,0.0026207805926711696
iL1,35889,0.0001148448,114.8448,0.001259946711146134
iL1,35997,0.0001151904,115.1904,0.0003202428388914603
iL1,36093,0.00011549760000000001,115.4976,0.006697707288683061
iL1,36202,0.0001158464,115.8464,0.004217974170007239
iL1,36309,0.00011618880000000001,116.18880000000001,0.0026223432783056286
iL1,36415,0.000116528,116.528,0.001438852882360772
iL1,36632,0.0001172224,117.2224,0.005118985487426717
iL1,36740,0.00011756800000000001,117.56800000000001,0.0030058916251624337
iL1,36848,0.00011791360000000001,117.9136,0.0015852132189439784
iL1,37059,0.0001185888,118.58879999999999,0.0061502902750916535
iL1,37168,0.0001189376,118.9376,0.0037969684706152832
iL1,37276,0.0001192832,119.28320000000001,0.002260473473620644
iL1,37381,0.00011961920000000001,119.6192,0.0011100436688944537
iL1,37581,0.0001202592,120.2592,0.0053036174634315736
iL1,37690,0.00012060800000000001,120.608,0.0031487078118249212
iL1,37798,0.00012095360000000001,120.95360000000001,0.0017068646965787174
iL1,38014,0.0001216448,121.6448,0.005703524014414718
iL1,38123,0.00012199360000000001,121.99360000000001,0.0034535623473593074
iL1,38230,0.00012233600000000002,122.33600000000001,0.0019660326357466224
iL1,38460,0.000123072,123.072,0.002990773846688456
iL1,38568,0.0001234176,123.41760000000001,0.0013989949632523464
iL1,38681,0.0001237792,123.7792,0.005415104164003378
iL1,38790,0.00012412800000000002,124.12800000000001,0.00323009774635279
iL1,38898,0.00012447360000000001,124.47360000000002,0.0017738592816895196
iL1,39117,0.0001251744,125.1744,0.005371218953424318
iL1,39226,0.0001255232,125.52320000000002,0.0031983415454548596
iL1,39333,0.0001258656,125.8656,0.0017486276525285345
iL1,39551,0.00012656320000000002,126.56320000000001,0.005501779432667702
iL1,39660,0.000126912,126.91199999999999,0.0032988049200114275
iL1,39767,0.0001272544,127.25440000000002,0.001833894011083447
iL1,39989,0.0001279648,127.9648,0.004930014726356923
iL1,40098,0.0001283136,128.3136,0.0028609952107004296
iL1,40205,0.000128656,128.656,0.0014619680394193464
iL1,40413,0.0001293216,129.3216,0.0064108006523176915
iL1,40522,0.0001296704,129.6704,0.003996970126762905
iL1,40629,0.00013001280000000002,130.01280000000003,0.002432046546872253
iL1,40734,0.0001303488,130.34879999999998,0.001265568445266819
iL1,40942,0.00013101440000000002,131.01440000000002,0.005451802240942659
iL1,41051,0.0001313632,131.3632,0.0032613891382038355
iL1,41158,0.00013170560000000002,131.7056,0.0018026956969050408
iL1,41379,0.0001324128,132.4128,0.0051592882128503065
iL1,41488,0.0001327616,132.7616,0.0030358643246514603
iL1,41595,0.000133104,133.10399999999998,0.0016103551661685038
iL1,41808,0.0001337856,133.7856,0.0060797706181188954
iL1,41917,0.0001341344,134.1344,0.0037424562314723013
iL1,42024,0.0001344768,134.4768,0.002213918671441375
iL1,42129,0.0001348128,134.8128,0.0010680673269959085
iL1,42329,0.0001354528,135.4528,0.005230485209193544
iL1,42437,0.00013579840000000002,135.79840000000002,0.0030924070244440455
iL1,42545,0.00013614400000000002,136.144,0.0016591365732451554
iL1,42759,0.0001368288,136.8288,0.005904270140052234
iL1,42868,0.0001371776,137.1776,0.003607834958234848
iL1,42976,0.0001375232,137.5232,0.0020981442970900103
iL1,43080,0.000137856,137.856,0.0009640282549921322
iL1,43283,0.00013850560000000002,138.50560000000002,0.005601704598729431
iL1,43392,0.0001388544,138.8544,0.003377315321442371
iL1,43500,0.0001392,139.2,0.0019018702367817324
iL1,43725,0.00013992,139.92000000000002,0.0042208550857781475
iL1,43834,0.0001402688,140.2688,0.0023185602172373886
iL1,43941,0.0001406112,140.6112,0.0010100543806401054
iL1,44056,0.0001409792,140.9792,0.005067079785254107
iL1,44165,0.000141328,141.328,0.002964303278603705
iL1,44272,0.00014167040000000002,141.67040000000003,0.0015491469045636993
iL1,44482,0.0001423424,142.3424,0.006249586041494035
iL1,44591,0.0001426912,142.6912,0.0038730819781638446
iL1,44699,0.0001430368,143.0368,0.002325653633722246
iL1,44804,0.0001433728,143.3728,0.0011689869348797443
iL1,45007,0.0001440224,144.0224,0.005402051517394869
iL1,45116,0.0001443712,144.37120000000002,0.0032232831132322005
iL1,45223,0.0001447136,144.71359999999999,0.0017707130148702471
iL1,45442,0.00014541440000000002,145.41440000000003,0.005366163182526462
iL1,45551,0.0001457632,145.76319999999998,0.0031947138537786464
iL1,45658,0.0001461056,146.1056,0.0017452393999950137
iL1,45876,0.0001468032,146.8032,0.0055194529819930765
iL1,45985,0.000147152,147.15200000000002,0.0033126234652478214
iL1,46093,0.0001474976,147.4976,0.001845711731017092
iL1,46315,0.00014820800000000001,148.20800000000003,0.004830653113943006
iL1,46424,0.0001485568,148.55679999999998,0.002784475035874115
iL1,46531,0.0001488992,148.8992,0.001397450291745547
iL1,46736,0.00014955520000000001,149.5552,0.0064913150552197065
iL1,46845,0.000149904,149.904,0.004059334105277502
iL1,46953,0.0001502496,150.2496,0.002486008331832736
iL1,47058,0.0001505856,150.5856,0.0013145957914188365
iL1,47268,0.0001512576,151.2576,0.005413537593787313
iL1,47377,0.0001516064,151.6064,0.0032324561343305388
iL1,47485,0.000151952,151.952,0.0017779344337834541
iL1,47704,0.0001526528,152.6528,0.005323486129342477
iL1,47813,0.0001530016,153.0016,0.003162016218717728
iL1,47920,0.000153344,153.344,0.0017173891425157945
iL1,48137,0.0001540384,154.0384,0.005662103506832763
iL1,48246,0.0001543872,154.3872,0.003421853826849284
iL1,48353,0.0001547296,154.7296,0.0019388819504952764
iL1,48581,0.0001554592,155.4592,0.003667513211527623
iL1,48689,0.0001558048,155.8048,0.0018990469781710916
iL1,48797,0.0001561504,156.1504,0.0006886303704860395
iL1,48901,0.0001564832,156.4832,0.007047257524678377
iL1,49010,0.000156832,156.832,0.004483460302178824
iL1,49118,0.0001571776,157.1776,0.002848882454417039
iL1,49224,0.00015751680000000002,157.51680000000002,0.001644988886935917
iL1,49454,0.0001582528,158.2528,0.003620883933329179
iL1,49563,0.0001586016,158.60160000000002,0.0018646857584590458
iL1,49670,0.000158944,158.944,0.0006662202758893173
iL1,49774,0.0001592768,159.2768,0.007128676242288604
iL1,49883,0.0001596256,159.6256,0.004545928629725335
iL1,49991,0.0001599712,159.9712,0.0029023995049942226
iL1,50096,0.0001603072,160.30720000000002,0.001693975014788386
iL1,50331,0.0001610592,161.0592,0.0023959362873138272
iL1,50439,0.0001614048,161.4048,0.0010369773280129312
iL1,50546,0.0001617472,161.7472,0.0074700559046287
iL1,50655,0.000162096,162.096,0.004804571058418373
iL1,50763,0.0001624416,162.4416,0.0031229117207021055
iL1,50869,0.0001627808,162.7808,0.0018950891689430128
iL1,51168,0.0001637376,163.7376,0.0017122039648820523
iL1,51281,0.0001640992,164.0992,0.006177060310307335
iL1,51389,0.0001644448,164.44480000000001,0.003812059525160795
iL1,51497,0.0001647904,164.7904,0.0022703156404019495
iL1,51602,0.0001651264,165.12640000000002,0.0011172354340157618
iL1,51803,0.0001657696,165.7696,0.00533002338066413
iL1,51912,0.0001661184,166.1184,0.0031681659791241317
iL1,52019,0.0001664608,166.4608,0.0017237184405592806
iL1,52236,0.0001671552,167.1552,0.005623298507188353
iL1,52345,0.00016750400000000001,167.50400000000002,0.0033920615811709447
iL1,52452,0.0001678464,167.84640000000002,0.0019134554507276836
iL1,52679,0.0001685728,168.5728,0.004084680843887106
iL1,52787,0.0001689184,168.9184,0.002215326567082011
iL1,52894,0.00016926080000000002,169.26080000000002,0.0009266665305659851
iL1,53006,0.00016961920000000002,169.6192,0.00581531655848713
iL1,53115,0.000169968,169.968,0.0035385718674500353
iL1,53223,0.0001703136,170.3136,0.002038320863315084
iL1,53328,0.0001706496,170.6496,0.0009101514480754805
iL1,53445,0.000171024,171.024,0.0002896440799117674
iL1,53538,0.0001713216,171.32160000000002,0.006757231267649584
iL1,53647,0.00017167040000000002,171.67040000000003,0.004263781024972481
iL1,53755,0.00017201600000000001,172.01600000000002,0.002661785913849068
iL1,53860,0.00017235200000000002,172.35200000000003,0.0014748434993493008
iL1,54080,0.00017305600000000002,173.056,0.004972723585074128
iL1,54188,0.00017340160000000002,173.40160000000003,0.002893864516232935
iL1,54296,0.00017374720000000002,173.74720000000002,0.0014901255907615667
iL1,54504,0.0001744128,174.4128,0.006363539602146738
iL1,54613,0.00017476160000000002,174.76160000000002,0.0039605454078871696
iL1,54721,0.00017510720000000002,175.1072,0.002400569315909741
iL1,54826,0.0001754432,175.4432,0.0012370100423194342
iL1,55032,0.0001761024,176.10240000000002,0.005453663013256568
iL1,55141,0.0001764512,176.4512,0.003262715309806856
iL1,55248,0.0001767936,176.7936,0.001804251911883762
iL1,55469,0.0001775008,177.5008,0.00514761857205366
iL1,55577,0.0001778464,177.84640000000002,0.0030272649037411926
iL1,55685,0.000178192,178.192,0.0016029683785459188
iL1,55897,0.0001788704,178.8704,0.0061025730325156855
iL1,56006,0.0001792192,179.2192,0.0037599473729218844
iL1,56114,0.0001795648,179.56480000000002,0.002228376144770257
iL1,56218,0.0001798976,179.8976,0.0010811574531425974
iL1,56418,0.0001805376,180.5376,0.005251277772963176
iL1,56527,0.0001808864,180.8864,0.0031082852682144642
iL1,56634,0.0001812288,181.2288,0.0016724734547723834
iL1,56850,0.00018192000000000002,181.92000000000002,0.005851436089900775
iL1,56958,0.00018226560000000002,182.2656,0.0035675664056308717
iL1,57066,0.00018261120000000002,182.61120000000003,0.0020639461364444995
iL1,57171,0.0001829472,182.9472,0.0009334125112065696
iL1,57377,0.0001836064,183.6064,0.006132975639520188
iL1,57486,0.0001839552,183.95520000000002,0.00378488178036964
iL1,57594,0.0001843008,184.3008,0.0022507060372608614
iL1,57699,0.00018463680000000001,184.63680000000002,0.0011017198261765247
iL1,57899,0.0001852768,185.2768,0.0052853044044636945
iL1,58008,0.00018562560000000001,185.62560000000002,0.0031339176370771687
iL1,58115,0.000185968,185.96800000000002,0.0016945214362303954
iL1,58331,0.0001866592,186.6592,0.005760080146531063
iL1,58440,0.000187008,187.008,0.0034969033943336864
iL1,58547,0.0001873504,187.3504,0.002003159961075808
iL1,58775,0.00018808,188.08,0.0010430399974741859
iL1,58882,0.0001884224,188.42239999999998,0.007635351382797571
iL1,58991,0.0001887712,188.7712,0.004931038714997334
iL1,59099,0.0001891168,189.1168,0.0032314076422102767
iL1,59205,0.000189456,189.45600000000002,0.0019945354230453227
iL1,59505,0.000190416,190.416,0.003740078225721016
iL1,59614,0.0001907648,190.7648,0.0019552225397794234
iL1,59721,0.0001911072,191.1072,0.0007276342186923992
iL1,59827,0.0001914464,191.4464,0.006891041748278631
iL1,59936,0.00019179520000000002,191.79520000000002,0.004363493120166237
iL1,60044,0.00019214080000000002,192.1408,0.00274555174522854
iL1,60149,0.00019247680000000002,192.47680000000003,0.0015505269700560281
iL1,60373,0.00019319360000000002,193.19360000000003,0.004557578443429741
iL1,60482,0.0001935424,193.5424,0.002575697940829129
iL1,60589,0.00019388480000000002,193.8848,0.0012226444360170703
iL1,60698,0.0001942336,194.2336,0.0003314559078222705
iL1,60793,0.0001945376,194.53760000000003,0.006857052654966485
iL1,60902,0.00019488640000000002,194.8864,0.004339882005857439
iL1,61010,0.00019523200000000002,195.23200000000003,0.002726749750652912
iL1,61115,0.000195568,195.56799999999998,0.0015340974328366319
iL1,61338,0.00019628160000000001,196.28160000000003,0.004657698437706594
iL1,61447,0.00019663040000000002,196.6304,0.0026523528223552123
iL1,61554,0.0001969728,196.9728,0.0012867316354417022
iL1,61757,0.0001976224,197.6224,0.006628966242249052
iL1,61866,0.0001979712,197.9712,0.004164961885029843
iL1,61974,0.0001983168,198.3168,0.0025765938267471255
iL1,62079,0.0001986528,198.6528,0.001397136224534042
iL1,62294,0.0001993408,199.3408,0.005252209329340533
iL1,62403,0.0001996896,199.6896,0.0031077813718122355
iL1,62510,0.000200032,200.032,0.0016719892946940266
iL1,62725,0.00020072000000000002,200.72000000000003,0.005858506034431297
iL1,62834,0.0002010688,201.06879999999998,0.0035724480755410628
iL1,62941,0.00020141120000000001,201.4112,0.0020678062359016595
iL1,63046,0.00020174720000000002,201.74720000000002,0.0009370016768576882
iL1,63252,0.0002024064,202.4064,0.006057156824197224
iL1,63361,0.0002027552,202.7552,0.0037266770838162437
iL1,63469,0.0002031008,203.1008,0.002200786201017383
iL1,63573,0.0002034336,203.4336,0.0010567966598400333
iL1,63773,0.0002040736,204.0736,0.005212491256952898
iL1,63882,0.0002044224,204.4224,0.0030781313116519404
iL1,63989,0.0002047648,204.7648,0.0016471493625461178
iL1,64203,0.0002054496,205.4496,0.00594937037342395
iL1,64312,0.0002057984,205.79840000000002,0.003642282857998186
iL1,64420,0.000206144,206.144,0.002127493745108674
iL1,64524,0.0002064768,206.4768,0.0009904868824161083
iL1,64725,0.00020712,207.12,0.0053462836776991905
iL1,64834,0.00020746880000000002,207.46880000000002,0.0031811269604037134
iL1,64941,0.0002078112,207.8112,0.0017346126929791037
iL1,65159,0.00020850880000000002,208.5088,0.005566511643362568
iL1,65268,0.0002088576,208.8576,0.0033482906663812166
iL1,65375,0.00020920000000000002,209.20000000000002,0.0018762826608260195
iL1,65599,0.00020991680000000002,209.91680000000002,0.00453887858623537
iL1,65708,0.0002102656,210.2656,0.0025616409500282423
iL1,65815,0.00021060800000000001,210.608,0.0012105644504892123
iL1,65925,0.00021096,210.96,0.0003433796774039193
iL1,66020,0.00021126400000000002,211.264,0.006943421427347608
iL1,66129,0.0002116128,211.6128,0.004406052307049255
iL1,66237,0.00021195840000000002,211.9584,0.002783565485142117
iL1,66342,0.0002122944,212.2944,0.0015859562972593392
iL1,66569,0.00021302080000000002,213.0208,0.004272904021881946
iL1,66677,0.00021336640000000002,213.36640000000003,0.0023588633910339536
iL1,66784,0.0002137088,213.7088,0.0010431344147839496
iL1,66901,0.00021408320000000002,214.0832,0.004657618443175969
iL1,67009,0.00021442880000000002,214.42880000000002,0.0026513847417512803
iL1,67116,0.0002147712,214.77120000000002,0.0012851728839957453
iL1,67224,0.0002151168,215.1168,0.00032348058632939027
iL1,67320,0.000215424,215.424,0.006638585104094634
iL1,67429,0.0002157728,215.77280000000002,0.004172353137167994
iL1,67537,0.0002161184,216.1184,0.0025828013026188415
iL1,67642,0.0002164544,216.45440000000002,0.00140293272739882
iL1,67857,0.0002171424,217.1424,0.005235755482645416
iL1,67966,0.0002174912,217.49120000000002,0.0030951334507196998
iL1,68073,0.0002178336,217.8336,0.0016612752323040849
iL1,68288,0.00021852160000000002,218.5216,0.005899615217993039
iL1,68396,0.00021886720000000002,218.86720000000003,0.003604571614031779
iL1,68504,0.00021921280000000002,219.21280000000002,0.0020956354177431
iL1,68609,0.00021954880000000002,219.54880000000003,0.0009617622914789404
iL1,68812,0.0002201984,220.19840000000002,0.005632574809989284
iL1,68921,0.00022054720000000002,220.5472,0.0034006359903629036
iL1,69028,0.0002208896,220.8896,0.0019222698899078758
iL1,69255,0.000221616,221.616,0.003932344647392564
iL1,69363,0.0002219616,221.9616,0.0020994957075823376
iL1,69470,0.00022230400000000002,222.30400000000003,0.0008353693230473289
iL1,69580,0.000222656,222.656,0.006393665006169773
iL1,69689,0.0002230048,223.00480000000002,0.0039819305020198205
iL1,69796,0.0002233472,223.34720000000002,0.002418274032906772
iL1,69901,0.0002236832,223.6832,0.0012524033207821162
iL1,70108,0.0002243456,224.3456,0.0054581832579574776
iL1,70217,0.0002246944,224.6944,0.003266469588792758
iL1,70324,0.00022503680000000002,225.03680000000003,0.0018069487971936278
iL1,70545,0.000225744,225.744,0.005128213263629205
iL1,70654,0.0002260928,226.0928,0.0030124277511463793
iL1,70761,0.0002264352,226.4352,0.0015902394302927294
iL1,70973,0.00022711360000000002,227.11360000000002,0.006139765146494739
iL1,71082,0.0002274624,227.4624,0.0037886082599396013
iL1,71190,0.000227808,227.808,0.0022530605641384416
iL1,71295,0.000228144,228.144,0.001103361666088101
iL1,71495,0.000228784,228.784,0.00529198275188474
iL1,71604,0.0002291328,229.1328,0.0031391364411313587
iL1,71711,0.00022947520000000002,229.47520000000003,0.0016988488723578411
iL1,71927,0.00023016640000000002,230.1664,0.005740354939701075
iL1,72036,0.0002305152,230.5152,0.0034820863705881176
iL1,72144,0.0002308608,230.86079999999998,0.0019905423216841685
iL1,72373,0.0002315936,231.5936,0.0017434588095191878
iL1,72485,0.000231952,231.952,0.006077648405575785
iL1,72594,0.0002323008,232.3008,0.0037357519703933506
iL1,72702,0.0002326464,232.6464,0.0022048030973225155
iL1,72807,0.00023298240000000001,232.9824,0.0010581818125413231
iL1,73006,0.0002336192,233.6192,0.0052357454258773715
iL1,73115,0.000233968,233.96800000000002,0.003096439305555935
iL1,73222,0.0002343104,234.3104,0.0016624237410756493
iL1,73437,0.00023499840000000002,234.9984,0.005891907093157648
iL1,73546,0.0002353472,235.3472,0.0035981856484455016
iL1,73654,0.00023569280000000002,235.69280000000003,0.0020897370551031897
iL1,73758,0.00023602560000000002,236.02560000000003,0.0009566496217178053
iL1,73962,0.00023667840000000001,236.6784,0.005705626590108858
iL1,74071,0.00023702720000000002,237.02720000000002,0.0034567345161356693
iL1,74178,0.0002373696,237.36960000000002,0.001970036622451956
iL1,74408,0.0002381056,238.1056,0.0027800713934465864
iL1,74516,0.0002384512,238.4512,0.0012513850606232471
iL1,74627,0.00023880640000000002,238.80640000000002,0.006443323612041224
iL1,74736,0.0002391552,239.1552,0.00401782376835124
iL1,74843,0.00023949760000000002,239.4976,0.0024475824312055095
iL1,74948,0.00023983360000000002,239.83360000000002,0.001278362305352077
iL1,75157,0.0002405024,240.5024,0.005453984462002853
iL1,75265,0.000240848,240.84799999999998,0.0032630119675329306
iL1,75373,0.00024119360000000002,241.19360000000003,0.0018043814764154556
iL1,75594,0.0002419008,241.9008,0.005147230278541174
iL1,75702,0.0002422464,242.2464,0.003027140484472772
iL1,75810,0.000242592,242.59199999999998,0.001602780795556888
iL1,76022,0.00024327040000000002,243.27040000000002,0.0061031013694114065
iL1,76131,0.0002436192,243.6192,0.00376032802764333
iL1,76239,0.0002439648,243.9648,0.002228668715108272
iL1,76343,0.0002442976,244.29760000000002,0.001081482138762885
iL1,76543,0.0002449376,244.93760000000003,0.005252001133688493
iL1,76652,0.0002452864,245.28640000000001,0.003108764613350551
iL1,76759,0.0002456288,245.6288,0.001672904147620527
iL1,76974,0.0002463168,246.3168,0.005849932756396622
iL1,77083,0.0002466656,246.6656,0.0035664343398598506
iL1,77191,0.0002470112,247.0112,0.002062931140983699
iL1,77296,0.0002473472,247.3472,0.0009325027780341819
iL1,77502,0.0002480064,248.0064,0.006152574111209487
iL1,77611,0.00024835520000000003,248.35520000000002,0.003799998681631917
iL1,77719,0.00024870080000000003,248.70080000000004,0.00226374683731483
iL1,77824,0.0002490368,249.0368,0.001113473381729623
iL1,78024,0.0002496768,249.67680000000001,0.005307027272490616
iL1,78133,0.0002500256,250.0256,0.0031511546657604266
iL1,78240,0.000250368,250.368,0.0017088581732088949
iL1,78457,0.0002510624,251.0624,0.005694202264262424
iL1,78566,0.0002514112,251.4112,0.0034464093757412577
iL1,78673,0.0002517536,251.7536,0.00195992104903858
iL1,78902,0.00025248640000000004,252.48640000000003,0.0031825245400881547
iL1,79010,0.00025283200000000004,252.83200000000002,0.0015378926118096382
iL1,79126,0.00025320320000000004,253.20320000000004,0.003543274819090707
iL1,79235,0.000253552,253.552,0.001804949770009212
iL1,79342,0.00025389440000000003,253.89440000000005,0.0006316315891032784
iL1,79445,0.000254224,254.224,0.007269359573854719
iL1,79554,0.0002545728,254.5728,0.004654084084718566
iL1,79662,0.0002549184,254.9184,0.0029954407461766385
iL1,79767,0.00025525440000000003,255.25440000000003,0.0017792904308919428
iL1,80087,0.0002562784,256.2784,0.005936412635887742
iL1,80196,0.0002566272,256.6272,0.0036343584783583636
iL1,80304,0.0002569728,256.9728,0.0021219724217622637
iL1,80409,0.0002573088,257.30879999999996,0.0009858783248983362
iL1,80610,0.000257952,257.952,0.005366914548946675
iL1,80718,0.0002582976,258.2976,0.003196953265296383
iL1,80826,0.0002586432,258.6432,0.0017483719183715202
iL1,81044,0.0002593408,259.3408,0.005492899144449605
iL1,81153,0.0002596896,259.6896,0.0032918722818972425
iL1,81260,0.000260032,260.032,0.0018280743336014657
iL1,81482,0.00026074240000000003,260.74240000000003,0.004978101398934622
iL1,81591,0.0002610912,261.09119999999996,0.0028971562443438916
iL1,81698,0.00026143360000000003,261.4336,0.0014926763511819534
iL1,81906,0.0002620992,262.09920000000005,0.006360919742950067
iL1,82015,0.00026244800000000003,262.44800000000004,0.003958847568346306
iL1,82123,0.00026279360000000003,262.7936,0.002399479390914376
iL1,82228,0.0002631296,263.1296,0.0012359203098253164
iL1,82434,0.0002637888,263.7888,0.005453561534797582
iL1,82543,0.0002641376,264.1376,0.003262916926673906
iL1,82650,0.00026448,264.47999999999996,0.0018039721713852437
iL1,82871,0.0002651872,265.1872,0.005149368986527539
iL1,82980,0.00026553600000000003,265.536,0.0030284055842559185
iL1,83087,0.0002658784,265.8784,0.001603897409878227
iL1,83300,0.00026656,266.56,0.006099053350916133
iL1,83408,0.0002669056,266.9056,0.0037576201428506525
iL1,83516,0.0002672512,267.2512,0.0022268643104928166
iL1,83621,0.0002675872,267.58720000000005,0.0010797216442513405
iL1,83821,0.0002682272,268.22720000000004,0.005248859618321999
iL1,83929,0.0002685728,268.57280000000003,0.00310600841768666
iL1,84037,0.0002689184,268.9184,0.0016709291387160333
iL1,84252,0.0002696064,269.6064,0.005858793684367107
iL1,84361,0.0002699552,269.9552,0.003572636488822304
iL1,84468,0.0002702976,270.2976,0.0020680948678017067
iL1,84573,0.0002706336,270.6336,0.0009372150596862275
iL1,84779,0.0002712928,271.2928,0.006052686021620559
iL1,84888,0.0002716416,271.64160000000004,0.0037231848723708583
iL1,84995,0.000271984,271.98400000000004,0.00219781874392242
iL1,85100,0.00027232,272.32,0.0010541725758431038
iL1,85300,0.00027296,272.96,0.005209671726493527
iL1,85408,0.0002733056,273.30559999999997,0.0030760050870352
iL1,85516,0.0002736512,273.65119999999996,0.0016454250350058741
iL1,85730,0.000274336,274.336,0.005955647131380115
iL1,85839,0.00027468480000000003,274.68480000000005,0.0036470225277370695
iL1,85946,0.0002750272,275.02720000000005,0.002131788692511867
iL1,86051,0.0002753632,275.3632,0.0009942670871123064
iL1,86252,0.0002760064,276.0064,0.005322530584525915
iL1,86361,0.0002763552,276.3552,0.003162601909792737
iL1,86468,0.0002766976,276.6976,0.0017192338538475171
iL1,86685,0.000277392,277.392,0.005644222550528413
iL1,86794,0.0002777408,277.74080000000004,0.003407896790379595
iL1,86901,0.0002780832,278.0832,0.0019272532123252128
iL1,87128,0.0002788096,278.80960000000005,0.003876673331608615
iL1,87237,0.00027915840000000003,279.15840000000003,0.002057005242768547
iL1,87344,0.0002795008,279.5008,0.000802782457513002
iL1,87452,0.0002798464,279.8464,0.006562296323548904
iL1,87561,0.0002801952,280.1952,0.004111172814649543
iL1,87669,0.0002805408,280.54080000000005,0.0025287752660695132
iL1,87774,0.0002808768,280.8768,0.0013528729229591654
iL1,87986,0.0002815552,281.5552,0.005360256364577597
iL1,88095,0.00028190400000000003,281.90400000000005,0.0031908846705741567
iL1,88202,0.0002822464,282.2464,0.0017425588681895027
iL1,88420,0.00028294400000000003,282.944,0.005529566307282317
iL1,88529,0.0002832928,283.2928,0.0033200861656928204
iL1,88636,0.00028363520000000003,283.63520000000005,0.0018520689037461395
iL1,88859,0.0002843488,284.34880000000004,0.004774296242261643
iL1,88968,0.00028469760000000003,284.6976,0.0027415156690013087
iL1,89075,0.00028504,285.04,0.0013612501177547092
iL1,89280,0.000285696,285.69599999999997,0.006529712046276981
iL1,89389,0.0002860448,286.0448,0.004088721370670868
iL1,89496,0.0002863872,286.3872,0.002511211894397989
iL1,89601,0.0002867232,286.7232,0.0013375733407724052
iL1,89813,0.0002874016,287.4016,0.005381804054937134
iL1,89922,0.0002877504,287.7504,0.003207357404506292
iL1,90029,0.0002880928,288.0928,0.0017567455937995942
iL1,90248,0.0002887936,288.7936,0.005450588767003044
iL1,90356,0.0002891392,289.1392,0.0032595237904417857
iL1,90464,0.0002894848,289.4848,0.001800758943885172
iL1,90684,0.00029018880000000004,290.1888,0.005180300239976399
iL1,90793,0.0002905376,290.5376,0.0030524993530682944
iL1,90900,0.00029088000000000003,290.88000000000005,0.001624213145106925
iL1,91114,0.0002915648,291.5648,0.006035019970101611
iL1,91222,0.0002919104,291.91040000000004,0.003708124653103672
iL1,91330,0.000292256,292.25600000000003,0.0021845129269539533
iL1,91435,0.000292592,292.592,0.0010415764627976253
iL1,91634,0.00029322880000000003,293.22880000000004,0.005208328705538561
iL1,91743,0.0002935776,293.57759999999996,0.003075513411981345
iL1,91850,0.00029392000000000003,293.92,0.0016446383768813173
iL1,92064,0.0002946048,294.6048,0.005957359510718555
iL1,92173,0.0002949536,294.9536,0.0036488541897911433
iL1,92281,0.0002952992,295.29920000000004,0.0021334995194505547
iL1,92386,0.0002956352,295.6352,0.000995706732504825
iL1,92586,0.0002962752,296.2752,0.00531406375326922
iL1,92695,0.000296624,296.624,0.003156532425938886
iL1,92802,0.0002969664,296.96639999999996,0.0017136163420416728
iL1,93019,0.0002976608,297.6608,0.005670849373059495
iL1,93128,0.0002980096,298.0096,0.003428547362857586
iL1,93235,0.000298352,298.352,0.0019446154571093738
iL1,93463,0.0002990816,299.08160000000004,0.0035524396707369075
iL1,93572,0.0002994304,299.4304,0.0018131441363057421
iL1,93679,0.0002997728,299.7728,0.0006356487681522914
iL1,93782,0.00030010240000000004,300.10240000000005,0.0072438205313058715
iL1,93891,0.0003004512,300.4512,0.004634274738793259
iL1,93999,0.0003007968,300.79679999999996,0.002978391619564825
iL1,94104,0.0003011328,301.13280000000003,0.001763519898097245
iL1,94335,0.000301872,301.872,0.00025034185463048726
iL1,94427,0.0003021664,302.1664,0.006516735085223278
iL1,94536,0.0003025152,302.5152,0.004079365368158299
iL1,94644,0.0003028608,302.86080000000004,0.002503419185549255
iL1,94749,0.0003031968,303.1968,0.0013306833707291072
iL1,94960,0.000303872,303.872,0.005391223773818554
iL1,95069,0.0003042208,304.2208,0.003214781089620032
iL1,95176,0.0003045632,304.5632,0.0017628629935461206
iL1,95395,0.000305264,305.264,0.005415382318715321
iL1,95504,0.00030561280000000003,305.61280000000005,0.003232468028731896
iL1,95611,0.0003059552,305.95520000000005,0.0017773916242089674
iL1,95831,0.0003066592,306.6592,0.005333281583881268
iL1,95940,0.000307008,307.008,0.003169235032651268
iL1,96047,0.0003073504,307.3504,0.0017238731237735239
iL1,96264,0.0003080448,308.0448,0.0056307723237830195
iL1,96373,0.0003083936,308.3936,0.0033976981663019277
iL1,96480,0.000308736,308.736,0.001918339866890781
iL1,96707,0.0003094624,309.4624,0.004014862821190809
iL1,96815,0.000309808,309.808,0.002161988105405956
iL1,96922,0.0003101504,310.1504,0.0008842990008962698
iL1,97033,0.0003105056,310.5056,0.0061068374706136274
iL1,97142,0.00031085440000000003,310.85440000000006,0.0037618519552292218
iL1,97250,0.00031120000000000003,311.20000000000005,0.0022292754005781177
iL1,97355,0.000311536,311.536,0.0010814279401158318
iL1,97554,0.0003121728,312.1728,0.005255171110527613
iL1,97663,0.0003125216,312.5216,0.0031116385936756988
iL1,97771,0.0003128672,312.8672,0.0016753444353779776
iL1,97986,0.0003135552,313.5552,0.005840414562956131
iL1,98095,0.000313904,313.904,0.003558514833195828
iL1,98202,0.0003142464,314.2464,0.0020560817073097845
iL1,98307,0.0003145824,314.5824,0.0009264600774106603
iL1,98515,0.000315248,315.248,0.006293052047676487
iL1,98623,0.0003155936,315.59360000000004,0.003908116228365627
iL1,98731,0.0003159392,315.9392,0.002356796139909568
iL1,98836,0.0003162752,316.2752,0.0011976189434393715
iL1,99040,0.000316928,316.928,0.00543043162466596
iL1,99149,0.0003172768,317.27680000000004,0.00324552819537568
iL1,99257,0.0003176224,317.6224,0.001789122490501963
iL1,99477,0.0003183264,318.3264,0.005248600205431555
iL1,99585,0.000318672,318.67199999999997,0.0031048489851061884
iL1,99693,0.0003190176,319.01759999999996,0.0016688578290710084
iL1,99908,0.00031970560000000003,319.7056,0.005873761917349884
iL2,435,1.392e-06,1.392,0.004214961410845177
iL2,657,2.1024e-06,2.1024,0.003958102718270785
iL2,1078,3.4496e-06,3.4495999999999998,0.004407428512979627
iL2,1608,5.1456e-06,5.1456,0.004402181878280725
iL2,2046,6.547200000000001e-06,6.547200000000001,0.004254036769512063
iL2,2473,7.9136e-06,7.9136,0.004346353749666633
iL2,2994,9.5808e-06,9.5808,0.004452922678623757
iL2,3425,1.096e-05,10.96,0.004318304486432655
iL2,3950,1.2640000000000001e-05,12.64,0.004493547129330874
iL2,4481,1.43392e-05,14.3392,0.004505539812111122
iL2,5018,1.60576e-05,16.0576,0.004356610283118863
iL2,5450,1.744e-05,17.439999999999998,0.004308524321412983
iL2,5983,1.9145600000000002e-05,19.1456,0.004496021186986188
iL2,6541,2.09312e-05,20.9312,0.004256473101771297
iL2,6768,2.16576e-05,21.657600000000002,0.00390258879382618
iL2,7080,2.2656e-05,22.656000000000002,0.0043968738680115515
iL2,7706,2.46592e-05,24.6592,0.004401013680911267
iL2,8032,2.57024e-05,25.7024,0.004228314056426081
iL2,8557,2.73824e-05,27.3824,0.004424691338448825
iL2,8995,2.8784e-05,28.784000000000002,0.004260901050532383
iL2,9425,3.0160000000000003e-05,30.160000000000004,0.0043161615789034284
iL2,9951,3.18432e-05,31.8432,0.004497808029449135
iL2,10472,3.3510400000000004e-05,33.510400000000004,0.004469156489166672
iL2,10904,3.48928e-05,34.8928,0.00431436575860545
iL2,11431,3.6579200000000004e-05,36.57920000000001,0.0045026085088335985
iL2,11955,3.8256e-05,38.256,0.004436068449263872
iL2,12391,3.9651200000000004e-05,39.6512,0.004279980776781014
iL2,12830,4.1056e-05,41.056000000000004,0.0042410474898838596
iL2,13251,4.24032e-05,42.4032,0.004407716712490483
iL2,13781,4.40992e-05,44.099199999999996,0.004403087565379579
iL2,14219,4.55008e-05,45.500800000000005,0.004253983338441233
iL2,14646,4.6867200000000004e-05,46.867200000000004,0.004347113112093244
iL2,15167,4.85344e-05,48.5344,0.004452318899650849
iL2,15599,4.99168e-05,49.9168,0.004316902095731964
iL2,16124,5.15968e-05,51.5968,0.004497169676030835
iL2,16646,5.3267200000000004e-05,53.2672,0.004474803579498303
iL2,17081,5.46592e-05,54.6592,0.004289002147322897
iL2,17524,5.6076800000000005e-05,56.076800000000006,0.0042131250948303275
iL2,17857,5.7142400000000004e-05,57.1424,0.004109319224547039
iL2,18275,5.848e-05,58.480000000000004,0.004487810150308398
iL2,18833,6.02656e-05,60.2656,0.004257427998270625
iL2,19150,6.128e-05,61.279999999999994,0.004356506721300566
iL2,19780,6.3296e-05,63.296,0.004398281441254108
iL2,20115,6.4368e-05,64.36800000000001,0.004111185767985955
iL2,20531,6.56992e-05,65.69919999999999,0.0044886595551763015
iL2,21079,6.74528e-05,67.45280000000001,0.004295650634309742
iL2,21497,6.87904e-05,68.79039999999999,0.0044877128465695675
iL2,22042,7.05344e-05,70.5344,0.00431040445357145
iL2,22462,7.18784e-05,71.8784,0.004441601161443935
iL2,22995,7.3584e-05,73.584,0.004381323323926564
iL2,23431,7.49792e-05,74.9792,0.00426877438882437
iL2,23865,7.6368e-05,76.368,0.004282956911183144
iL2,24305,7.777600000000001e-05,77.77600000000001,0.004230429591572821
iL2,24723,7.91136e-05,79.1136,0.0044606755011297764
iL2,25258,8.08256e-05,80.8256,0.004368070229090349
iL2,25692,8.22144e-05,82.2144,0.004287089247528458
iL2,26134,8.362880000000001e-05,83.62880000000001,0.0042181676959909325
iL2,26473,8.47136e-05,84.7136,0.004065420550090049
iL2,26577,8.50464e-05,85.0464,0.003977855765696235
iL2,27118,8.67776e-05,86.7776,0.004325396187707655
iL2,27543,8.81376e-05,88.1376,0.00438763947969418
iL2,28069,8.98208e-05,89.8208,0.0044188706592548435
iL2,28507,9.12224e-05,91.22240000000001,0.004257191448078043
iL2,28936,9.25952e-05,92.5952,0.004332743618060017
iL2,29456,9.425920000000001e-05,94.2592,0.004466095151543367
iL2,29887,9.563840000000001e-05,95.6384,0.004321846996023327
iL2,30410,9.7312e-05,97.31200000000001,0.0044850961260753915
iL2,30853,9.87296e-05,98.72959999999999,0.004221249396401516
iL2,31273,0.0001000736,100.0736,0.004485266462877395
iL2,31836,0.00010187520000000001,101.8752,0.004246380700004875
iL2,31943,0.0001022176,102.2176,0.003970802627230795
iL2,32482,0.0001039424,103.9424,0.004336134728060431
iL2,32910,0.000105312,105.312,0.004355126827369028
iL2,33431,0.00010697920000000001,106.9792,0.004445781740830633
iL2,33865,0.000108368,108.36800000000001,0.004300495438563943
iL2,34313,0.0001098016,109.80160000000001,0.004184042403339197
iL2,34525,0.00011048,110.48,0.004189531475986604
iL2,35166,0.0001125312,112.5312,0.004492233414775822
iL2,35608,0.00011394560000000001,113.94560000000001,0.004225680331940897
iL2,36025,0.00011528000000000001,115.28,0.004481763195042254
iL2,36566,0.00011701120000000001,117.0112,0.004337054781476244
iL2,36993,0.00011837760000000001,118.37760000000002,0.004356083568081564
iL2,37515,0.000120048,120.048,0.004445063917721296
iL2,37948,0.0001214336,121.4336,0.00429898036295462
iL2,38396,0.00012286720000000002,122.86720000000001,0.004187706991411471
iL2,38617,0.0001235744,123.5744,0.003986125806630455
iL2,39051,0.0001249632,124.9632,0.004268648902486849
iL2,39485,0.000126352,126.35200000000002,0.004279669413687994
iL2,39924,0.0001277568,127.7568,0.004240657133329812
iL2,40346,0.0001291072,129.1072,0.004410730581224181
iL2,40876,0.00013080320000000002,130.8032,0.004400905051837645
iL2,41313,0.0001322016,132.20159999999998,0.0042543414230528116
iL2,41741,0.0001335712,133.5712,0.0043446599556103555
iL2,42262,0.0001352384,135.2384,0.004454285928362152
iL2,42693,0.0001366176,136.6176,0.004321441413924555
iL2,43216,0.0001382912,138.2912,0.004486515732887011
iL2,43661,0.00013971520000000001,139.7152,0.004211141091336553
iL2,43991,0.0001407712,140.7712,0.0041337530496368055
iL2,44416,0.0001421312,142.1312,0.004372835606981074
iL2,44940,0.00014380800000000002,143.80800000000002,0.004430559655157777
iL2,45376,0.0001452032,145.2032,0.0042689777241611635
iL2,45811,0.0001465952,146.5952,0.004281207193085503
iL2,46250,0.000148,148.0,0.0042354734732845695
iL2,46669,0.0001493408,149.3408,0.0044365516130959876
iL2,47202,0.0001510464,151.0464,0.004383984959744
iL2,47639,0.0001524448,152.44480000000001,0.004265738468066302
iL2,48071,0.0001538272,153.8272,0.004294398641485546
iL2,48517,0.00015525440000000002,155.2544,0.0041972184519570525
iL2,48834,0.00015626880000000002,156.26880000000003,0.004334250927185204
iL2,49390,0.00015804800000000002,158.048,0.004262899400146744
iL2,49707,0.00015906240000000002,159.06240000000003,0.0043491905077679
iL2,50267,0.00016085440000000002,160.85440000000003,0.0042502652853679155
iL2,50479,0.0001615328,161.5328,0.004214884925994569
iL2,51101,0.0001635232,163.5232,0.004393999762966365
iL2,51215,0.000163888,163.888,0.0038811617998418314
iL2,51736,0.0001655552,165.55519999999999,0.0044443641224859096
iL2,52170,0.000166944,166.94400000000002,0.004291057300266809
iL2,52614,0.0001683648,168.3648,0.004206948428390635
iL2,52941,0.0001694112,169.4112,0.0041832733874590106
iL2,53471,0.0001711072,171.1072,0.004504707021561959
iL2,54014,0.00017284480000000002,172.84480000000002,0.0043232120780717035
iL2,54437,0.0001741984,174.1984,0.00439856723582074
iL2,54965,0.000175888,175.888,0.0044104083055618165
iL2,55403,0.0001772896,177.2896,0.0042538319638683
iL2,55831,0.0001786592,178.6592,0.0043478933011230824
iL2,56351,0.00018032320000000002,180.3232,0.0044514416596167766
iL2,56783,0.0001817056,181.7056,0.004315037386767305
iL2,57310,0.000183392,183.392,0.004501361743597962
iL2,57832,0.0001850624,185.0624,0.004446801288229037
iL2,58265,0.000186448,186.448,0.004304878670010159
iL2,58716,0.0001878912,187.8912,0.00417675303263671
iL2,58814,0.0001882048,188.2048,0.004223110102978013
iL2,59438,0.00019020160000000002,190.2016,0.004401091873213425
iL2,59760,0.000191232,191.232,0.004308435721653676
iL2,60308,0.0001929856,192.9856,0.004294739338614714
iL2,60726,0.0001943232,194.3232,0.004488533996750287
iL2,61273,0.00019607360000000002,196.07360000000003,0.004300601894620856
iL2,61690,0.00019740800000000002,197.40800000000002,0.004474525962407808
iL2,62228,0.0001991296,199.1296,0.004353136962284667
iL2,62659,0.00020050880000000001,200.5088,0.004315631900068807
iL2,63185,0.00020219200000000002,202.192,0.004499801237283832
iL2,63706,0.00020385920000000001,203.85920000000002,0.004456552993095535
iL2,64137,0.0002052384,205.2384,0.0043270728671508645
iL2,64658,0.0002069056,206.9056,0.0044751673269113135
iL2,65093,0.00020829760000000002,208.29760000000002,0.004285942474013652
iL2,65535,0.000209712,209.712,0.004222073487961655
iL2,65953,0.0002110496,211.0496,0.004489187169204529
iL2,66503,0.00021280960000000002,212.80960000000002,0.004281910698601966
iL2,66836,0.0002138752,213.8752,0.004114932473006116
iL2,67252,0.00021520640000000001,215.2064,0.004474949259739063
iL2,67791,0.0002169312,216.9312,0.004350890880450543
iL2,68221,0.0002183072,218.30720000000002,0.004320585740883066
iL2,68745,0.000219984,219.984,0.004487457871701033
iL2,69190,0.000221408,221.40800000000002,0.004203195137053214
iL2,69513,0.0002224416,222.4416,0.004239705774082273
iL2,70042,0.00022413440000000002,224.13440000000003,0.004405630933669494
iL2,70480,0.000225536,225.536,0.004252598623959262
iL2,70907,0.00022690240000000002,226.90240000000003,0.004353872288813293
iL2,71428,0.00022856960000000001,228.5696,0.00444665508974035
iL2,71861,0.00022995520000000002,229.95520000000002,0.004302723999041568
iL2,72311,0.0002313952,231.39520000000002,0.004180068398521956
iL2,72420,0.000231744,231.744,0.003865361580033329
iL2,72939,0.00023340480000000002,233.40480000000002,0.004457406819021884
iL2,73371,0.00023478720000000001,234.7872,0.00431989687405287
iL2,73895,0.000236464,236.464,0.004490058169887106
iL2,74344,0.0002379008,237.9008,0.004186268380049545
iL2,74561,0.00023859520000000002,238.5952,0.004075604988449633
iL2,75090,0.00024028800000000001,240.288,0.004397224188868636
iL2,75528,0.0002416896,241.68959999999998,0.004253814633836095
iL2,75956,0.00024305920000000002,243.05920000000003,0.004347898226533131
iL2,76476,0.00024472320000000004,244.72320000000005,0.004451401415573232
iL2,76908,0.00024610560000000003,246.10560000000004,0.004314871194473362
iL2,77435,0.000247792,247.792,0.00450175866897158
iL2,77958,0.0002494656,249.46560000000002,0.0044439866584699995
iL2,78391,0.00025085120000000003,250.85120000000003,0.004298024784586656
iL2,78839,0.00025228480000000003,252.28480000000002,0.0041895684244582666
iL2,79064,0.00025300480000000003,253.00480000000005,0.003907035276065957
iL2,79377,0.0002540064,254.0064,0.004374102133785019
iL2,80020,0.000256064,256.064,0.0045016785144744035
iL2,80542,0.0002577344,257.7344,0.004476305755664642
iL2,80978,0.0002591296,259.12960000000004,0.004279428572337181
iL2,81417,0.0002605344,260.5344,0.004243327216101378
iL2,81840,0.000261888,261.888,0.004397498243353377
iL2,82368,0.0002635776,263.5776,0.004410663266537996
iL2,82806,0.0002649792,264.9792,0.004253839756267451
iL2,83233,0.0002663456,266.3456,0.004347696545036671
iL2,83754,0.0002680128,268.01279999999997,0.004451846204380818
iL2,84186,0.00026939520000000003,269.39520000000005,0.004315853255269484
iL2,84712,0.0002710784,271.0784,0.004499641198343379
iL2,85233,0.0002727456,272.7456,0.00445709171667545
iL2,85664,0.0002741248,274.1248,0.004327679508362255
iL2,86185,0.000275792,275.79200000000003,0.00447366226669052
iL2,86619,0.00027718080000000003,277.18080000000003,0.004293198421570948
iL2,87064,0.0002786048,278.6048,0.00420162903585306
iL2,87385,0.00027963200000000004,279.63200000000006,0.004260099777217001
iL2,87920,0.000281344,281.344,0.004370193231523424
iL2,88354,0.0002827328,282.7328,0.004282338292479835
iL2,88794,0.0002841408,284.1408,0.004232637143422029
iL2,89212,0.0002854784,285.4784,0.004449973352330485
iL2,89747,0.0002871904,287.1904,0.00437542956303932
iL2,90182,0.00028858240000000004,288.58240000000006,0.004275850930055631
iL2,90619,0.0002899808,289.9808,0.004255724699973631
iL2,91047,0.00029135040000000004,291.35040000000004,0.004338152082754152
iL2,91567,0.0002930144,293.0144,0.004460223445957301
iL2,91998,0.0002943936,294.3936,0.00432819084873672
iL2,92519,0.0002960608,296.06080000000003,0.004473257294355237
iL2,92953,0.0002974496,297.44960000000003,0.00429573506103801
iL2,93399,0.0002988768,298.8768,0.0041949975931624755
iL2,93715,0.000299888,299.888,0.004370476311450913
iL2,94360,0.000301952,301.952,0.004508220186319845
iL2,94894,0.00030366080000000003,303.66080000000005,0.004378038400311028
iL2,95329,0.0003050528,305.0528,0.0042727541652082405
iL2,95765,0.000306448,306.44800000000004,0.004266415787281705
iL2,96198,0.0003078336,307.83360000000005,0.00429141399379287
iL2,96642,0.0003092544,309.2544,0.00420493266277463
iL2,96967,0.0003102944,310.2944,0.004209145268758419
iL2,97488,0.0003119616,311.96160000000003,0.0044515852943489915
iL2,97920,0.000313344,313.344,0.004313698622345296
iL2,98447,0.0003150304,315.03040000000004,0.004503962913220905
iL2,98974,0.00031671680000000004,316.71680000000003,0.004422250031562226
iL2,99411,0.0003181152,318.1152,0.0042606890547614
iL2,99841,0.0003194912,319.4912,0.004317074030770413
